ZYMIC  ZYGON  ZYGAL  ZUZIM  ZUPAS  ZUPAN  ZULUS  ZORRO  ZORIL  ZOPPO  
ZOPPA  ZOOTY  ZOOID  ZOOEA  ZONAL  ZONAE  ZOMBI  ZOISM  ZOEAS  ZOEAL  
ZOEAE  ZOCCO  ZOAEA  ZLOTY  ZLOTE  ZIZEL  ZITIS  ZIRAM  ZIPPO  ZINKE  
ZINEB  ZINCY  ZINCO  ZIMBI  ZILLA  ZIGAN  ZIBET  ZHOMO  ZERDA  ZEBUB  
ZEBEC  ZAZEN  ZAYIN  ZANZE  ZANZA  ZAMIA  ZAMAN  ZAKAT  ZABRA  YUPPY  
YUPON  YUMMY  YUMMO  YULES  YULAN  YUKOS  YUKKY  YUKES  YUKED  YUGAS  
YUFTS  YUCKO  YUCCH  YUCCA  YTOST  YSAME  YRNEH  YRIVD  YRAPT  YOWIE  
YOUTH  YOURT  YOURN  YOUNG  YONIC  YOMIM  YOLKY  YOKUL  YOKEL  YOICK  
YOGIN  YOGIC  YOGHS  YOGEE  YODLE  YODEL  YOBBO  YMPES  YMOLT  YLKES  
YLIKE  YITIE  YIRTH  YIPPY  YIELD  YFERE  YEXED  YEWEN  YEVEN  YEUKS  
YETTS  YESTY  YESKS  YESES  YENTE  YENTA  YELMS  YECCH  YEARN  YEARD  
YEALM  YDRED  YDRAD  YCOND  YCLED  YCLAD  YBORE  YAWNY  YAWEY  YAULD  
YARTO  YARTA  YARFA  YARCO  YAPPY  YAPON  YAPOK  YAMUN  YAMPY  YAMEN  
YAKOW  YAKKA  YAIRD  YAHOO  YACKA  YACHT  YACCA  YABBY  YABBA  YAARS  
XYSTS  XYSTI  XYLYL  XYLOL  XYLIC  XYLEM  XYLAN  XOANA  XEROX  XERIC  
XENON  XENIC  XENIA  XEBEC  WYTED  WYNNS  WYNDS  WYLED  WUXIA  WUSHU  
WRYLY  WRUNG  WROTH  WROTE  WROOT  WRONG  WRITS  WRITE  WRIST  WRING  
WRICK  WRECK  WRAWL  WRATH  WRAST  WRAPT  WRANG  WOWEE  WOWED  WOVEN  
WOULD  WORTH  WORST  WORRY  WORMY  WORLD  WORDY  WOOTZ  WOOSH  WOOLD  
WOOER  WONTS  WONGI  WOMYN  WOMBY  WOMAN  WOLVE  WOLLY  WOKEN  WOFUL  
WOALD  WIZEN  WIVED  WITTY  WITHY  WITAN  WISPY  WISPS  WISHT  WISHA  
WIRRA  WIRER  WINZE  WINNA  WINEY  WINCE  WIMPY  WILJA  WILIS  WILGA  
WILDS  WIGGA  WIGAN  WIFIE  WIFEY  WIFED  WIELS  WIELD  WIDTH  WIDOW  
WIDEN  WICCA  WHUPS  WHUMP  WHOSO  WHOSE  WHORT  WHORL  WHORE  WHOPS  
WHOOT  WHOOP  WHOOF  WHOMP  WHOLE  WHIZZ  WHITY  WHITS  WHITE  WHIST  
WHISS  WHISK  WHISH  WHIRS  WHIRR  WHIRL  WHIPT  WHIPS  WHINY  WHINE  
WHILK  WHILE  WHIGS  WHIFT  WHIFF  WHIDS  WHICH  WHEYS  WHEWS  WHETS  
WHERE  WHENS  WHELM  WHELK  WHEFT  WHEEP  WHEEN  WHEEL  WHEAT  WHEAR  
WHEAL  WHAUR  WHAUP  WHATS  WHATA  WHARF  WHARE  WHAPS  WHAMS  WHAMO  
WHALE  WHACK  WEXED  WETLY  WERSH  WELSH  WELKT  WELKS  WELKE  WELCH  
WEKAS  WEIZE  WEISE  WEIRS  WEIRD  WEILS  WEIGH  WEIDS  WEFTS  WEFTE  
WEETE  WEEST  WEEPY  WEENY  WEEKS  WEEKE  WEEDY  WEDEL  WECHT  WEBER  
WEAVE  WEARY  WEAMB  WEALD  WAZOO  WAZIR  WAXEN  WAWLS  WAVEY  WAULK  
WAUKS  WAUFF  WATTS  WATAP  WASMS  WASHY  WARTY  WARST  WARBY  WANNA  
WANLE  WANEY  WAMUS  WALTZ  WALTY  WALLS  WALLA  WALED  WAKER  WAKEN  
WAKED  WAKAS  WAIVE  WAIST  WAINS  WAILS  WAIFT  WAIDE  WAHOO  WAGON  
WAGED  WAFTS  WADER  WADED  WACKS  WACKO  VULVA  VULGO  VUGHY  VUGGS  
VROOM  VRAIC  VOZHD  VOXEL  VOWEL  VOULU  VOUGE  VOTER  VOMIT  VOLVE  
VOLVA  VOLTI  VOLTE  VOLTA  VOLET  VOLAE  VOILE  VOICE  VOEMA  VODUN  
VODOU  VODKA  VOCES  VOCAL  VOCAB  VOARS  VIZOR  VIZIR  VIXEN  VIVID  
VIVER  VIVDA  VIVAT  VIVAS  VITTA  VITEX  VITAS  VITAL  VITAE  VISTO  
VISTA  VISOR  VISON  VISNE  VISIT  VISIE  VISES  VISAS  VIRTU  VIRID  
VIRGE  VIRGA  VIREO  VIRAL  VIPER  VIOLS  VIOLD  VIOLA  VINYL  VINIC  
VINEW  VINER  VINCA  VINAL  VIMEN  VILLI  VILLA  VILER  VILDE  VIGOR  
VIGIL  VIGIA  VIGAS  VIFDA  VIEWY  VIEWS  VIDEO  VICHY  VICED  VICAR  
VIBEY  VIBEX  VIAND  VEZIR  VEXIL  VEXER  VESTA  VESPA  VERVE  VERTU  
VERST  VERSO  VERRA  VERGE  VENOM  VENIN  VENEY  VENAE  VELUM  VELDT  
VELDS  VEINY  VEILY  VEHME  VEGOS  VEGIE  VEGAS  VEGAN  VEENA  VEALY  
VEALE  VAWTE  VAUTE  VAUCH  VATIC  VASAL  VARVE  VARNA  VARIX  VARIA  
VARES  VAREC  VARAS  VARAN  VAPOR  VAPID  VANES  VAMPY  VALVE  VALUE  
VALSE  VALOR  VALIS  VALID  VALET  VAKIL  VAIRE  VAGUS  VAGUE  VADES  
UVULA  UVEAS  UVEAL  UTTER  UTILE  UTERI  USURY  USURP  USURE  USUAL  
USQUE  USNEA  USING  USHER  USERS  USAGE  URVAS  URUBU  URSON  URSID  
URSAE  URPED  URNED  URNAL  URMAN  URITE  URIAL  URGES  URGER  URGED  
URENA  UREDO  UREAS  URDEE  URBIA  URBAN  URASE  URARI  URARE  URAOS  
URALI  URAEI  UPTIE  UPTER  UPTAK  UPSEY  UPSET  UPSEE  UPRUN  UPRAN  
UPPER  UPPED  UPLIT  UPLED  UPLAY  UPJET  UPEND  UPDRY  UPDOS  UPBYE  
UPBOW  UNZIP  UNWON  UNWIT  UNWET  UNTIN  UNTIL  UNTIE  UNSOD  UNSEX  
UNSEW  UNSET  UNSAY  UNRIP  UNRIG  UNRID  UNRED  UNPIN  UNPEN  UNPEG  
UNPAY  UNMIX  UNMEW  UNMET  UNMAN  UNLIT  UNLET  UNLED  UNLAY  UNLAW  
UNKID  UNKED  UNJAM  UNITY  UNITS  UNITE  UNION  UNIFY  UNHIP  UNHAT  
UNGUM  UNGOT  UNGOD  UNGET  UNGAG  UNFIX  UNFIT  UNETH  UNDUG  UNDUE  
UNDID  UNDER  UNDEE  UNDAM  UNCUT  UNCUS  UNCOY  UNCOS  UNCLE  UNCIA  
UNCES  UNCAP  UNBOX  UNBID  UNBED  UNBAR  UNBAN  UNBAG  UNAUS  UNARY  
UNARM  UNAPT  UMPTY  UMPIE  UMPED  UMIAQ  UMIAK  UMIAC  UMBRE  UMBRA  
UMBOS  UMBLE  UMBEL  UMAMI  ULZIE  ULYIE  ULVAS  ULTRA  ULPAN  ULNAS  
ULNAR  ULNAE  ULNAD  ULMIN  ULEMA  ULCER  ULAMA  UHURU  UHLAN  UGALI  
UDONS  UDDER  UDALS  TYTHE  TYROS  TYRED  TYRAN  TYPTO  TYPPS  TYPOS  
TYPIC  TYPEY  TYPED  TYPAL  TYNED  TYNDE  TYMPS  TYLER  TYIYN  TYING  
TYERS  TWYER  TWOER  TWIXT  TWITS  TWITE  TWIST  TWIRP  TWIRL  TWIRE  
TWINY  TWINS  TWINK  TWINE  TWILT  TWILL  TWIGS  TWIER  TWICE  TWERP  
TWEET  TWEER  TWEEN  TWEEL  TWEED  TWEAK  TWAYS  TWATS  TWANK  TWANG  
TWALS  TWAIN  TWAES  TUTUS  TUTTI  TUTOR  TUTEE  TUSKY  TUSKS  TURME  
TURKS  TURFY  TURFS  TURDS  TURBO  TUQUE  TUPLE  TUPIK  TUPEK  TUNNY  
TUNIC  TUNGS  TUNER  TUNDS  TUMPY  TUMOR  TUMMY  TUMID  TULPA  TULLE  
TULIP  TUKTU  TUISM  TUINA  TUGRA  TUFTY  TUFTS  TUFFS  TUFFE  TUCKS  
TUBER  TUBED  TUBBY  TUBAS  TUBAR  TUBAL  TUBAE  TUATH  TUART  TUANS  
TSUBA  TSKED  TSARS  TSADI  TSADE  TRYST  TRYPS  TRYMA  TRYKE  TRYER  
TRUTH  TRUST  TRUSS  TRUNK  TRUMP  TRULY  TRULL  TRUGS  TRUGO  TRUES  
TRUER  TRUED  TRUCK  TRUCE  TROVE  TROUT  TROTS  TROTH  TROPE  TROOZ  
TROOP  TRONK  TRONC  TRONA  TROMP  TROLL  TROKE  TROGS  TRODS  TRODE  
TROCK  TROAT  TROAK  TROAD  TRITE  TRIST  TRIPY  TRIPS  TRIOS  TRIOR  
TRIOL  TRINS  TRIMS  TRILL  TRILD  TRIGS  TRIGO  TRIFF  TRIES  TRIDE  
TRICK  TRICE  TRIBE  TRIAL  TRIAD  TRIAC  TREWS  TRETS  TREST  TRESS  
TREND  TREMA  TREKS  TREIF  TREFA  TREEN  TRECK  TREAT  TREAD  TRATT  
TRATS  TRASH  TRAPT  TRAPE  TRANT  TRANQ  TRANK  TRAMP  TRAIT  TRAIN  
TRAIK  TRAGI  TRADS  TRADE  TRACT  TRACK  TRACE  TRABS  TOYON  TOXIN  
TOXIC  TOWZY  TOWSY  TOWSE  TOWNY  TOWNS  TOWIE  TOWEL  TOWED  TOUZY  
TOUZE  TOUTS  TOUSY  TOUSE  TOURS  TOUNS  TOUKS  TOUGH  TOUCH  TOTES  
TOTER  TOTEM  TOTED  TOTAL  TOSSY  TOSHY  TOSAS  TORTS  TORTE  TORTA  
TORSO  TORSK  TORSI  TORSE  TORRS  TOROT  TOROS  TORII  TORIC  TORCS  
TORCH  TORAS  TORAN  TORAH  TOQUE  TOPOI  TOPIC  TOPHS  TOPHI  TOPHE  
TOPEK  TOPEE  TOPAZ  TOOTS  TOOTH  TOOMS  TONUS  TONKS  TONKA  TONIC  
TONGS  TONGA  TONES  TONER  TONDO  TONDI  TONAL  TOMIA  TOMAN  TOLYL  
TOLUS  TOLTS  TOLLY  TOLAS  TOLAR  TOLAN  TOKOS  TOKEN  TOKAY  TOITS  
TOISE  TOING  TOILE  TOHOS  TOGUE  TOGES  TOGAS  TOGAE  TOFUS  TOFTS  
TOFFY  TOEAS  TODDY  TODDE  TODAY  TOCOS  TOCKS  TOAZE  TOAST  TOADY  
TOADS  TITUP  TITRE  TITLE  TITIS  TITHE  TITER  TITCH  TITAN  TIRRS  
TIROS  TIRLS  TIRED  TIPSY  TIPPY  TIPIS  TINTY  TINTS  TINNY  TINKS  
TINGE  TINEA  TINDS  TINCT  TIMON  TIMID  TIMED  TIMBO  TILTS  TILTH  
TILLY  TILLS  TILER  TILDE  TILAK  TIKKA  TIKIS  TIKAS  TIGON  TIGHT  
TIGER  TIFTS  TIFFS  TIDDY  TIDAL  TICKY  TICKS  TICHY  TICCA  TICAL  
TIBIA  TIARS  TIARA  THYMY  THYMI  THYME  THUYA  THURL  THUNK  THUMP  
THUMB  THUJA  THUGS  THUDS  THRUM  THROW  THROE  THROB  THRIP  THRID  
THREW  THREE  THRAW  THRAE  THOWL  THOUS  THOSE  THORP  THORO  THORN  
THONG  THOLI  THOLE  THOFT  THIRL  THIRD  THIOL  THINS  THINK  THING  
THINE  THILL  THILK  THIGS  THIGH  THIEF  THICK  THEWY  THEWS  THETE  
THETA  THESP  THESE  THERM  THERE  THEOW  THENS  THEME  THEMA  THELF  
THEIR  THEIN  THEIC  THEGN  THEFT  THEES  THEEK  THEED  THECA  THEBE  
THAWY  THAWS  THARS  THARM  THANS  THANK  THANE  THALI  THAIM  THAGI  
THACK  TEXTS  TEXES  TEXAS  TEWIT  TEWEL  TEUGH  TEUCH  TETRI  TETRA  
TETHS  TETES  TESTY  TESTS  TESTE  TESTA  TESLA  TERTS  TERRY  TERRA  
TERNE  TERMS  TERGA  TERFS  TERFE  TEREK  TERCE  TERAS  TERAI  TEPOY  
TEPID  TEPEE  TEPAS  TEPAL  TENUE  TENTY  TENTS  TENTH  TENOR  TENON  
TENNY  TENNO  TENNE  TENIA  TENGE  TENET  TENES  TENDU  TENDS  TENCH  
TEMSE  TEMPT  TEMPO  TEMPI  TEMES  TEMED  TELOS  TELOI  TELLY  TELLS  
TELIC  TELIA  TELEX  TELES  TELCO  TELAE  TEIND  TEILS  TEIID  TEHRS  
TEGUA  TEGGS  TEETH  TEENY  TEENS  TEENE  TEEND  TEEMS  TEDDY  TECTA  
TECHY  TECHS  TEAZE  TEATS  TEARY  TEARS  TEAKS  TEAED  TEADS  TEADE  
TEACH  TAZZE  TAZZA  TAYRA  TAXOR  TAXON  TAXOL  TAWNY  TAWIE  TAWAI  
TAVAS  TAVAH  TAUON  TAUNT  TAULD  TAUBE  TATUS  TATOU  TATIE  TATHS  
TATES  TATER  TATAR  TASTY  TASTE  TASSE  TASKS  TASAR  TARTY  TARTS  
TARSI  TARRY  TARRE  TAROT  TAROS  TAROK  TAROC  TARES  TARDY  TARDO  
TARAS  TAPPA  TAPIR  TAPET  TAPEN  TAPED  TAPAS  TANTO  TANTI  TANSY  
TANNA  TANKY  TANKA  TANHS  TANGY  TANGO  TANGI  TANGA  TAMIN  TAMED  
TAMAL  TALUS  TALUK  TALPA  TALON  TALMA  TALLY  TALLS  TALKY  TALKS  
TALER  TALEA  TALCY  TALCS  TALAR  TALAQ  TALAK  TAKIS  TAKIN  TAKHI  
TAKER  TAKEN  TAKAS  TAITS  TAISH  TAIRA  TAINT  TAINS  TAILS  TAIGS  
TAIGA  TAHOU  TAHAS  TAGMA  TAGGY  TAFIA  TAFFY  TAELS  TACTS  TACOS  
TACIT  TACHO  TACET  TACES  TACAN  TABUS  TABUN  TABOR  TABOO  TABLE  
TABLA  TABIS  TABID  TABES  TABER  TABBY  TAATA  TAALS  SYTHE  SYSOP  
SYRUP  SYRAH  SYPHS  SYPES  SYPED  SYNTH  SYNOD  SYNES  SYNED  SYNDS  
SYNCS  SYNCH  SYMAR  SYLVA  SYLPH  SYLIS  SYKES  SYKER  SYENS  SYCES  
SYCEE  SYBOW  SYBOE  SYBIL  SYBBE  SWUNG  SWOUN  SWORN  SWORD  SWOPT  
SWOOP  SWOON  SWONE  SWOLN  SWOBS  SWIZZ  SWITH  SWISS  SWISH  SWIRL  
SWIRE  SWIPE  SWINK  SWING  SWINE  SWILL  SWIGS  SWIFT  SWEYS  SWERF  
SWEPT  SWELT  SWEIR  SWEES  SWEEP  SWEEL  SWEDE  SWEAT  SWEAL  SWAYL  
SWATH  SWARM  SWARD  SWAPT  SWANK  SWANG  SWAMI  SWALY  SWAIN  SWADS  
SWACK  SWABS  SUTTA  SUTRA  SUTOR  SUSUS  SUSHI  SURRA  SURLY  SURGY  
SURGE  SURFY  SURFS  SURES  SURER  SURED  SURDS  SURAT  SURAS  SURAL  
SURAH  SUPRA  SUPES  SUPER  SUNUP  SUNNY  SUNNS  SUNNA  SUNKS  SUMPH  
SUMOS  SUMMA  SUMAC  SULUS  SULLY  SULKY  SULKS  SULFO  SULFA  SULCI  
SUKHS  SUJEE  SUITS  SUINT  SUING  SUIDS  SUGHS  SUGAR  SUGAN  SUETY  
SUERS  SUEDE  SUDSY  SUDOR  SUDDS  SUCRE  SUCKY  SUCKS  SUCCI  SUBHA  
SUBER  SUBBY  SUBAS  SUBAH  STYTE  STYRE  STYMY  STYME  STYLO  STYLI  
STYLE  STYES  STYED  STURT  STURE  STUPE  STUPA  STUNT  STUNS  STUNK  
STUNG  STUMS  STUMP  STUMM  STULM  STULL  STUFF  STUDS  STUCK  STUBS  
STRUT  STRUM  STROY  STROW  STROP  STRIP  STRIG  STRIA  STREW  STREP  
STRAW  STRAP  STRAG  STRAE  STRAD  STOUT  STOUR  STOUP  STOUN  STOTT  
STOTS  STOSS  STORY  STOPT  STOPS  STOPE  STOOL  STOOK  STOOD  STONY  
STONN  STONK  STONE  STOND  STOMP  STOMA  STOLN  STOLE  STOKE  STOIT  
STOGY  STOEP  STOCK  STOBS  STOAT  STOAS  STOAI  STOAE  STIVY  STIRS  
STIRK  STIRE  STIPE  STIPA  STINT  STINK  STING  STIMY  STIMS  STIME  
STILT  STILL  STILE  STILB  STIFF  STIED  STICK  STICH  STEWY  STEWS  
STETS  STERN  STERE  STEPT  STENT  STENO  STEND  STEMS  STEME  STELL  
STELE  STELA  STEIN  STEIL  STEEM  STEEL  STEEK  STEED  STEDS  STEDE  
STEDD  STEAR  STEAL  STEAK  STEAD  STAUN  STATS  STATE  STASH  START  
STARS  STARR  STARN  STARK  STAPH  STANK  STANG  STAND  STALK  STALE  
STAIR  STAIN  STAIG  STAID  STAGY  STAGS  STAGE  STAFF  STADE  STACK  
STABS  SQUIZ  SQUIT  SQUID  SQUIB  SQUEG  SQUAW  SQUAT  SQUAD  SQUAB  
SPYRE  SPYAL  SPUTA  SPURT  SPURS  SPURN  SPUNK  SPUMY  SPUME  SPULE  
SPUES  SPUER  SPUED  SPUDS  SPRUG  SPRUE  SPROG  SPROD  SPRIT  SPRIG  
SPREW  SPREE  SPRED  SPRAT  SPRAG  SPRAD  SPOSH  SPORT  SPORE  SPOOM  
SPOOL  SPOOK  SPOOF  SPOKE  SPOIL  SPODE  SPLIT  SPLAY  SPLAT  SPITZ  
SPITE  SPIRY  SPIRT  SPINY  SPINK  SPINA  SPIMS  SPILT  SPILL  SPIKY  
SPIKS  SPIKE  SPIFS  SPIFF  SPIES  SPIER  SPIEL  SPIDE  SPICY  SPICS  
SPICK  SPICE  SPICA  SPIAL  SPETS  SPERM  SPEOS  SPENT  SPEND  SPELT  
SPELL  SPELK  SPELD  SPEKS  SPEIR  SPEIL  SPEEL  SPEED  SPECS  SPECK  
SPEAT  SPEAN  SPEAL  SPEAK  SPAZZ  SPAZA  SPAYD  SPAWN  SPAWL  SPAUL  
SPATE  SPASM  SPART  SPARS  SPARK  SPARD  SPANK  SPANG  SPAMS  SPALT  
SPALL  SPALE  SPALD  SPAIT  SPAIL  SPAHI  SPAES  SPAER  SPAED  SPADO  
SPADE  SPACY  SPACE  SOZIN  SOYUZ  SOYLE  SOWTH  SOWSE  SOWPS  SOWNE  
SOWND  SOWMS  SOWLS  SOWLE  SOWFS  SOWFF  SOWER  SOWED  SOWCE  SOWAR  
SOUTH  SOUSE  SOURS  SOUPY  SOUPS  SOUND  SOUMS  SOULS  SOUKS  SOUCT  
SOUCE  SOTOL  SOTHS  SORUS  SORTA  SORRA  SORNS  SORGO  SOREX  SORES  
SORER  SOREL  SOREE  SORED  SORDS  SORDO  SORDA  SORBS  SORBO  SORAL  
SOPRA  SOPPY  SOPOR  SOPHY  SOPHS  SOOTY  SOOTS  SOOTH  SOOTE  SOOPS  
SOOMS  SOOLS  SOOLE  SOOKS  SOOEY  SONSY  SONSE  SONNY  SONNE  SONLY  
SONIC  SONES  SONDE  SONCE  SONAR  SOMAS  SOMAN  SOLVE  SOLUS  SOLUM  
SOLOS  SOLON  SOLID  SOLES  SOLER  SOLEI  SOLED  SOLDS  SOLDO  SOLDI  
SOLDE  SOLAR  SOLAN  SOLAH  SOKOL  SOKES  SOKEN  SOKAH  SOILS  SOGGY  
SOGER  SOFTY  SOFTS  SOFTA  SOFAS  SOFAR  SODOM  SODIC  SODDY  SODAS  
SOCLE  SOCKS  SOCKO  SOCAS  SOBER  SOBAS  SOAVE  SOARS  SOARE  SOAPY  
SOAPS  SOAKS  SNYES  SNUSH  SNUFF  SNUCK  SNUBS  SNOWY  SNOWS  SNOWK  
SNOTS  SNOOP  SNOOL  SNOOK  SNOOD  SNOKE  SNOEP  SNOEK  SNOBS  SNIRT  
SNIPY  SNIPE  SNIGS  SNIFT  SNIFF  SNIES  SNIDE  SNICK  SNIBS  SNEES  
SNEER  SNEED  SNEDS  SNECK  SNEBS  SNEAP  SNEAK  SNEAD  SNATH  SNASH  
SNARY  SNARS  SNARL  SNARK  SNARF  SNARE  SNAKY  SNAKE  SNAIL  SNAFU  
SNACK  SMUTS  SMUSH  SMURS  SMUGS  SMOWT  SMOUT  SMOTE  SMORE  SMOOT  
SMOOR  SMOLT  SMOKY  SMOKO  SMOKE  SMOCK  SMITS  SMITH  SMITE  SMIRS  
SMIRR  SMIRK  SMILE  SMERK  SMELT  SMELL  SMEES  SMEEK  SMEAR  SMAZE  
SMASH  SMARM  SMALT  SMALM  SMALL  SMAIK  SMACK  SMAAK  SLYPE  SLYLY  
SLYER  SLUTS  SLUSH  SLUSE  SLURS  SLURP  SLURB  SLUNK  SLUNG  SLUMS  
SLUMP  SLUIT  SLUGS  SLUFF  SLUES  SLUED  SLUBS  SLUBB  SLOYD  SLOVE  
SLOTS  SLOTH  SLOSH  SLORM  SLOPY  SLOPS  SLOPE  SLOOP  SLOOM  SLOJD  
SLOID  SLOGS  SLOES  SLOBS  SLOAN  SLIVE  SLITS  SLISH  SLIPT  SLIPS  
SLIPE  SLINK  SLING  SLIMY  SLIMS  SLILY  SLIER  SLIDE  SLICK  SLICE  
SLEYS  SLEWS  SLEPT  SLEET  SLEER  SLEEP  SLEEK  SLEDS  SLATY  SLATS  
SLATE  SLASH  SLART  SLANT  SLANK  SLANG  SLANE  SLAMS  SLAKE  SLAIN  
SLAID  SLAGS  SLAES  SLADE  SLACK  SLABS  SKYTE  SKYRS  SKYRE  SKYFS  
SKYEY  SKYER  SKYED  SKUNK  SKULL  SKULK  SKUGS  SKUAS  SKRIK  SKRAN  
SKOSH  SKOOL  SKOLS  SKOFF  SKOAL  SKLIM  SKIVY  SKIVE  SKITS  SKITE  
SKIRT  SKIRR  SKIRL  SKIPS  SKIOS  SKINT  SKINS  SKINK  SKIMS  SKIMO  
SKILL  SKIFF  SKIEY  SKIES  SKIER  SKIED  SKIDS  SKEWS  SKETS  SKERS  
SKEPS  SKEOS  SKENS  SKENE  SKELP  SKELM  SKELL  SKELF  SKEIN  SKEGS  
SKEGG  SKEET  SKEES  SKEER  SKEEN  SKEEF  SKEED  SKEAR  SKEAN  SKAWS  
SKATT  SKATS  SKATE  SKART  SKANK  SKALD  SKAIL  SIZEL  SIZAR  SIXTY  
SIXTH  SIXTE  SIXMO  SIVER  SITUS  SITUP  SITKA  SITHE  SITED  SITAR  
SISSY  SISAL  SIRUP  SIRRA  SIROC  SIRIS  SIRIH  SIRES  SIREN  SIREE  
SIRED  SIPPY  SIPES  SINUS  SINKY  SINKS  SINGS  SINGE  SINEW  SINES  
SINED  SINDS  SINCE  SIMUL  SIMPS  SIMIS  SIMBA  SIMAS  SIMAR  SILVA  
SILTY  SILTS  SILOS  SILLY  SILLS  SILKY  SILKS  SILEX  SILER  SILEN  
SILED  SILDS  SIKER  SIKAS  SIJOS  SIGNS  SIGNA  SIGMA  SIGLA  SIGIL  
SIGHT  SIFTS  SIEVE  SIEUR  SIETH  SIENT  SIENS  SIELD  SIEGE  SIDLE  
SIDHE  SIDHA  SIDES  SIDER  SIDED  SIDAS  SICKS  SICKO  SICHT  SICES  
SIBYL  SIBBS  SIALS  SHYLY  SHYER  SHWAS  SHUTS  SHUTE  SHUSH  SHURA  
SHUNT  SHUNS  SHULS  SHULN  SHULE  SHUCK  SHTUP  SHTUM  SHTIK  SHRUG  
SHRUB  SHROW  SHRIS  SHREW  SHRED  SHOYU  SHOWY  SHOWN  SHOWD  SHOVE  
SHOUT  SHOTT  SHOTS  SHOTE  SHORT  SHORN  SHORL  SHORE  SHOPS  SHOPE  
SHOOT  SHOOS  SHOON  SHOOL  SHOOK  SHONE  SHOLA  SHOGS  SHOGI  SHOES  
SHOER  SHOED  SHOCK  SHOAT  SHOAL  SHMEK  SHLUB  SHLEP  SHIVS  SHIVE  
SHIVA  SHIUR  SHITS  SHITE  SHIST  SHISO  SHISH  SHIRT  SHIRS  SHIRR  
SHIRK  SHIRE  SHIPS  SHINY  SHINS  SHINE  SHIMS  SHILY  SHILL  SHIFT  
SHIES  SHIER  SHIEL  SHIED  SHIAI  SHEWS  SHEWN  SHEVA  SHETS  SHERE  
SHERD  SHEOL  SHENT  SHEND  SHELL  SHELF  SHEIK  SHEET  SHEER  SHEEP  
SHEEN  SHEEL  SHEDS  SHEAS  SHEAR  SHEAL  SHEAF  SHCHI  SHAYA  SHAWS  
SHAWN  SHAUL  SHASH  SHARN  SHARK  SHARD  SHAPE  SHANK  SHAND  SHAMS  
SHAMA  SHALY  SHALT  SHALM  SHALL  SHALE  SHAKY  SHAKT  SHAKO  SHAKE  
SHAHS  SHAFT  SHADY  SHADS  SHADE  SHACK  SEYEN  SEXTO  SEXES  SEXED  
SEWIN  SEWER  SEWEN  SEWEL  SEWED  SEWAR  SEWAN  SEVER  SEVEN  SETUP  
SETTS  SETON  SETAL  SETAE  SESSA  SESEY  SERVO  SERVE  SERUM  SERRY  
SERRS  SERRE  SERRA  SEROW  SERON  SERKS  SERIN  SERIF  SERIC  SERGE  
SERFS  SERES  SERER  SERED  SERAL  SERAI  SERAC  SEPTA  SEPOY  SEPIC  
SEPIA  SEPAL  SEPAD  SENZA  SENVY  SENTS  SENTI  SENTE  SENSI  SENSE  
SENSA  SENOR  SENNA  SENGI  SENDS  SENAS  SEMIS  SEMIE  SEMES  SEMEN  
SEMEE  SELVA  SELLS  SELLE  SELLA  SELFS  SELES  SELAH  SEKTS  SEKOS  
SEIZE  SEITY  SEISM  SEISE  SEIRS  SEINE  SEILS  SEIFS  SEGUE  SEGOS  
SEGOL  SEGNO  SEGNI  SEGAR  SEFER  SEERS  SEEPY  SEEMS  SEELY  SEELS  
SEELD  SEEKS  SEEDY  SEEDS  SEDUM  SEDGY  SEDGE  SEDES  SEDER  SEDAN  
SECTS  SECHS  SECCO  SEBUM  SEAZE  SEATS  SEASE  SEARS  SEARE  SEANS  
SEAMY  SEAMS  SEAME  SEALS  SDEIN  SDAYN  SCYES  SCUZZ  SCUTS  SCUTE  
SCUTA  SCUSE  SCURF  SCUMS  SCULS  SCULP  SCULL  SCULK  SCUGS  SCUFT  
SCUFF  SCUDS  SCUDO  SCUDI  SCUBA  SCRUM  SCRUB  SCROW  SCROG  SCROD  
SCRIP  SCRIM  SCREW  SCREE  SCRAT  SCRAP  SCRAG  SCRAE  SCRAB  SCOWS  
SCOWP  SCOWL  SCOUT  SCOUR  SCOUP  SCOTS  SCORN  SCORE  SCOPE  SCOPA  
SCOOT  SCOOP  SCOOG  SCONE  SCOLD  SCOGS  SCOFF  SCODY  SCLIM  SCION  
SCHWA  SCHUL  SCHMO  SCHAV  SCENT  SCENE  SCEND  SCENA  SCEAT  SCAWS  
SCAUR  SCAUP  SCAUD  SCATT  SCATS  SCATH  SCARY  SCART  SCARS  SCARP  
SCARF  SCARE  SCAPI  SCAPE  SCAPA  SCANT  SCANS  SCAND  SCAMS  SCAMP  
SCALP  SCALL  SCALE  SCALD  SCALA  SCAIL  SCAGS  SCAFF  SAYST  SAYON  
SAYID  SAWAH  SAVOY  SAVOR  SAVIN  SAVEY  SAUTS  SAUTE  SAURY  SAUNT  
SAUNA  SAULT  SAULS  SAUGH  SAUCY  SAUCH  SAUCE  SAUBA  SATYR  SATIS  
SATIN  SATEM  SATED  SATAY  SATAI  SASSY  SASSE  SASIN  SASER  SARUS  
SAROS  SAROD  SARKS  SARIS  SARIN  SARGO  SARGE  SAREE  SARED  SARDS  
SARAN  SAPOR  SAPID  SAPAN  SANTS  SANTO  SANSA  SANKO  SANGS  SANGO  
SANGH  SANGA  SANED  SANDS  SAMPS  SAMPI  SAMMY  SAMFU  SAMEY  SAMEN  
SAMEL  SAMEK  SAMBO  SAMBA  SAMAS  SAMAN  SALVO  SALVE  SALUE  SALTY  
SALTS  SALTO  SALSE  SALSA  SALPS  SALPA  SALOP  SALON  SALOL  SALMI  
SALLY  SALLE  SALIX  SALIC  SALET  SALES  SALEP  SALAL  SALAD  SAKIS  
SAKIA  SAKER  SAKAI  SAJOU  SAITH  SAIST  SAIRS  SAINT  SAINE  SAIMS  
SAILS  SAIGA  SAIDS  SAICS  SAICK  SAICE  SAHIB  SAHEB  SAGUM  SAGOS  
SAGGY  SAGES  SAGER  SAGAS  SAFES  SAFER  SAFED  SADZA  SADOS  SADLY  
SADIS  SADHU  SADHE  SADES  SADDO  SACRA  SACKS  SABRE  SABRA  SABOT  
SABLE  SABIR  SABIN  SABES  SABER  SABED  SABAL  RYPER  RYOTS  RYNDS  
RYMME  RYKES  RYKED  RYBAT  RYALS  RUTIN  RUTHS  RUSSE  RUSMA  RUSES  
RUSAS  RURUS  RURPS  RURAL  RUPIA  RUPEE  RUNTY  RUNIC  RUNGS  RUNED  
RUNDS  RUMPY  RUMPO  RUMOR  RUMMY  RUMLY  RUMEN  RUMBO  RUMBA  RUMAL  
RULES  RULER  RULED  RUING  RUGGY  RUGBY  RUGAL  RUGAE  RUFFS  RUFFE  
RUERS  RUDIE  RUDES  RUDER  RUDDY  RUDDS  RUCKS  RUCHE  RUBUS  RUBLE  
RUBIN  RUBES  RUBEL  RUBBY  RUBAI  RUANA  ROZIT  ROZET  ROYST  ROYNE  
ROYAL  ROWTS  ROWTH  ROWND  ROWME  ROWER  ROWEN  ROWEL  ROWDY  ROWAN  
ROVEN  ROUTS  ROUTH  ROUTE  ROUST  ROUSE  ROUPY  ROUPS  ROUND  ROUMS  
ROUGH  ROUGE  ROUEN  ROTTE  ROTOS  ROTOR  ROTON  ROTLS  ROTIS  ROTED  
ROTCH  ROTAS  ROTAN  ROTAL  ROSTS  ROSTI  ROSIT  ROSIN  ROSHI  ROSET  
RORTY  RORTS  RORID  RORIC  RORES  RORAL  ROQUE  ROPEY  ROPER  ROPED  
ROOTY  ROOST  ROOSA  ROOPY  ROOMY  ROOKY  ROOFY  RONTS  RONTE  RONNE  
RONIN  RONEO  RONDO  RONDE  ROMPS  ROMEO  ROMAN  ROMAL  ROLFS  ROLAG  
ROKES  ROKER  ROKED  ROJIS  ROJAK  ROIST  ROINS  ROILY  ROILS  ROGUY  
ROGUE  ROGER  RODES  RODEO  RODED  ROCKY  ROCKS  ROBOT  ROBLE  ROBIN  
ROBES  ROBED  ROATE  ROAST  ROARY  ROARS  ROANS  ROAMS  ROADS  ROACH  
RIYAL  RIVOS  RIVET  RIVER  RIVEN  RIVEL  RIVAL  RITZY  RISUS  RISPS  
RISKY  RISHI  RISES  RISER  RISEN  RIPPS  RIPEN  RIPED  RIOTS  RIOJA  
RINSE  RINKS  RINGS  RINDY  RINDS  RIMUS  RIMER  RIMED  RIMAE  RILLE  
RILEY  RILES  RILED  RIGOR  RIGOL  RIGID  RIGGS  RIFTY  RIFTE  RIFLE  
RIFFS  RIFER  RIEVE  RIEMS  RIELS  RIDGY  RIDGE  RIDES  RIDER  RICKS  
RICIN  RICEY  RICES  RICER  RICED  RIBES  RIBBY  RIBAS  RIATA  RIANT  
RIALS  RHYTA  RHYNE  RHYME  RHUMB  RHONE  RHOMB  RHODY  RHINO  RHINE  
RHIME  RHIES  RHEUM  RHEME  RHEAS  REWTH  REWIN  REWET  REWED  REVIE  
REVET  REUSE  RETRY  RETRO  RETIE  RETIA  RETES  RETEM  RETCH  RETAX  
RESTO  RESOW  RESOD  RESIT  RESIN  RESID  RESEW  RESET  RESES  RESEE  
RESAY  RESAW  RESAT  RERUN  RERIG  RERAN  REPRO  REPPS  REPOT  REPOS  
REPLY  REPLA  REPIN  REPEL  REOIL  RENTS  RENTE  RENNE  RENIN  RENIG  
RENGA  RENEY  RENEW  RENDS  RENAY  RENAL  REMIX  REMEX  REMET  REMEN  
REMAN  RELIT  RELIE  RELIC  RELET  RELAY  RELAX  REKEY  REKES  REKED  
REJON  REJIG  REIVE  REIRD  REINS  REINK  REIKS  REIKI  REIGN  REIFY  
REIFS  REHEM  REHAB  REGUR  REGOS  REGNA  REGMA  REGIE  REGGO  REGES  
REGAR  REFRY  REFLY  REFIX  REFIT  REFFO  REFER  REFEL  REFED  REEVE  
REEST  REELS  REEKY  REEKS  REEFY  REEFS  REEDY  REEDS  REEDE  REECH  
REDYE  REDUX  REDUB  REDRY  REDOX  REDOS  REDON  REDLY  REDIP  REDID  
REDIA  REDES  REDED  REDDY  REDDS  REDAN  RECUT  RECUR  RECTO  RECTI  
RECTA  RECON  RECKS  RECIT  RECCY  RECCO  RECCE  RECAP  RECAL  REBUY  
REBUT  REBUS  REBOP  REBIT  REBID  REBEL  REBEC  REBBE  REBAR  REAVE  
REATE  REATA  REARS  REARM  REAMY  REAMS  REAME  REALO  REALM  REAKS  
READY  READS  READD  REACT  REACH  RAZOR  RAZOO  RAYON  RAYNE  RAYLE  
RAYAH  RAWLY  RAWIN  RAVIN  RAVEN  RAVEL  RAUPO  RAUNS  RATTY  RATOS  
RATOO  RATIO  RATHE  RATHA  RATES  RATER  RATEL  RATCH  RATAN  RATAL  
RASTA  RASPY  RASPS  RASER  RASED  RARKS  RARES  RARER  RAREE  RARED  
RAPPE  RAPHE  RANTS  RANKS  RANKE  RANIS  RANID  RANGY  RANGI  RANGE  
RANEE  RANDY  RANDS  RANCH  RANCE  RANAS  RAMUS  RAMMY  RAMIS  RAMIN  
RAMIE  RAMET  RAMEN  RAMAL  RALPH  RALLY  RAKUS  RAKIS  RAKER  RAKEE  
RAKED  RAJAH  RAITA  RAISE  RAIRD  RAINY  RAINS  RAINE  RAILS  RAILE  
RAIKS  RAIDS  RAIAS  RAHUI  RAHED  RAGIS  RAGGY  RAGGS  RAGGA  RAGER  
RAGEE  RAGED  RAGDE  RAGAS  RAFTS  RAFFS  RADON  RADIX  RADIO  RADII  
RADGE  RADAR  RACON  RACKS  RACHE  RACES  RACER  RACED  RABIS  RABID  
RABIC  RABBI  RABAT  QUYTE  QURSH  QUOTH  QUOTA  QUONK  QUOLL  QUOIT  
QUOIN  QUOIF  QUODS  QUOAD  QUITS  QUITE  QUIST  QUIRT  QUIRK  QUIRE  
QUIPU  QUIPS  QUIPO  QUINT  QUINS  QUINO  QUINA  QUIMS  QUILT  QUILL  
QUIFF  QUIET  QUIDS  QUICK  QUICH  QUEYN  QUEUE  QUERY  QUERN  QUEME  
QUELL  QUEER  QUEEN  QUEAN  QUBIT  QUAYD  QUATE  QUASS  QUASI  QUASH  
QUART  QUARK  QUARE  QUANT  QUALM  QUALE  QUAKY  QUAIR  QUAIL  QUAGS  
QUAFF  QUADS  QUACK  QORMA  QIBLA  QANAT  PZAZZ  PYXIS  PYXIE  PYROS  
PYRIC  PYREX  PYRAN  PYRAL  PYOTS  PYOID  PYNED  PYLON  PYINS  PYGMY  
PYGAL  PUZEL  PUTTO  PUTTI  PUTON  PUTID  PUSSY  PUSLE  PUSES  PURTY  
PURSY  PURSE  PURPY  PURIS  PURIN  PURIM  PURGE  PURER  PUREE  PURDA  
PUPUS  PUPPY  PUPIL  PUPAS  PUPAL  PUPAE  PUNTY  PUNTO  PUNKA  PUNJI  
PUNGA  PUNCE  PUMPS  PUMIE  PULSE  PULPY  PULPS  PULMO  PULLI  PULKS  
PULKA  PULIS  PULIK  PULER  PULED  PULAS  PULAO  PUKUS  PUKKA  PUJAH  
PUHAS  PUGIL  PUGGY  PUFFY  PUDUS  PUDSY  PUDOR  PUDIC  PUDGY  PUDDY  
PUCKA  PUCAN  PUBIS  PUBIC  PSYOP  PSYCH  PSORA  PSOAS  PSOAI  PSOAE  
PSION  PSHAW  PSEUD  PSALM  PRYSE  PRYER  PRUTA  PRUNT  PRUNE  PRUDE  
PROYN  PROXY  PROWL  PROUL  PROUD  PROSY  PROST  PROSS  PROSO  PROSE  
PRORE  PROPS  PROOF  PRONK  PRONG  PRONE  PROMO  PROLL  PROLE  PROKE  
PROIN  PROEM  PRODS  PROBS  PROBE  PROAS  PRIZE  PRIVY  PRISS  PRISM  
PRIOR  PRION  PRINT  PRINK  PRIMY  PRIMP  PRIMO  PRIMI  PRIME  PRIMA  
PRIGS  PRIER  PRIEF  PRIED  PRIDE  PRICY  PRICK  PRICE  PRIAL  PREXY  
PREVE  PREST  PRESS  PRESE  PRESA  PREOP  PRENT  PREMY  PREIF  PREEN  
PREDY  PRAWN  PRATY  PRATT  PRASE  PRAOS  PRANG  PRANA  PRAHU  PRADS  
PRAAM  POYSE  POYOU  POYNT  POWNY  POWND  POWIN  POWAN  POUTY  POUPT  
POUPE  POUND  POULT  POULP  POULE  POUKE  POUFF  POUCH  POTTO  POTSY  
POTOO  POTIN  POTCH  POTAE  POSTS  POSSE  POSIT  POSHO  POSER  PORTY  
PORTA  PORNY  PORNO  PORGY  PORGE  PORER  PORCH  PORAE  POPSY  POPES  
POOVE  POORT  POORI  POOPS  POONS  POOKA  POOJA  POOFY  POOFS  POODS  
POOCH  PONZU  PONTY  PONGY  PONGO  PONGA  PONCY  PONCE  POMMY  POMBE  
POLYP  POLKS  POLJE  POLIS  POLIO  POLAR  POKEY  POKES  POKER  POISE  
POINT  POIND  POILU  POGOS  POGGE  POGEY  POETS  POESY  POEPS  POEMS  
PODIA  PODGY  PODEX  PODDY  PODAL  POCKY  POBOY  POAKE  POAKA  POACH  
PLYER  PLUSH  PLUNK  PLUMY  PLUMS  PLUMP  PLUMB  PLUGS  PLUFF  PLUCK  
PLOUK  PLOTZ  PLOTS  PLOPS  PLOOK  PLONK  PLONG  PLODS  PLOAT  PLINK  
PLING  PLIMS  PLIER  PLIED  PLICA  PLEWS  PLESH  PLEON  PLENA  PLEBS  
PLEBE  PLEAT  PLEAS  PLAZA  PLAYA  PLATY  PLATE  PLAST  PLASM  PLASH  
PLAPS  PLANT  PLANS  PLAIT  PLAIN  PLAID  PLAGE  PLACE  PLAAS  PIZZA  
PIXIE  PIXEL  PIVOT  PIUMS  PITTA  PITON  PITHY  PITHS  PISTE  PISOS  
PISKY  PISES  PISCO  PIROG  PIRNS  PIRLS  PIRAI  PIPUL  PIPIT  PIPIS  
PIPET  PIPAS  PIPAL  PIOYS  PIOYE  PIONY  PIONS  PINUP  PINTO  PINOT  
PINON  PINNA  PINKS  PINKO  PINGS  PINEY  PINCH  PIMPS  PIMAS  PILUS  
PILUM  PILOW  PILOT  PILLS  PILIS  PILEI  PILEA  PILAW  PILAU  PILAR  
PILAO  PILAF  PIKUL  PIKIS  PIKEY  PIKAU  PIING  PIGMY  PIGGY  PIEZO  
PIETY  PIETA  PIERT  PIEND  PIECE  PICUL  PICRA  PICOT  PICKY  PICKS  
PICCY  PICAS  PICAL  PIBAL  PIANS  PIANO  PHYLE  PHYLA  PHUTS  PHPHT  
PHOTS  PHOTO  PHONY  PHONS  PHONO  PHONE  PHOHS  PHOCA  PHLOX  PHIAL  
PHESE  PHEON  PHENE  PHEER  PHASE  PHARE  PHANG  PHAGE  PEYSE  PEWIT  
PEWEE  PETTY  PETTO  PETTI  PETRE  PETIT  PETER  PETAR  PETAL  PESTY  
PESTO  PESOS  PESKY  PERVE  PERST  PERSE  PERPS  PERMS  PERKY  PERKS  
PERIS  PERIL  PEREA  PERDY  PERDU  PERCH  PERCE  PEPOS  PEPLA  PEONY  
PEONS  PENNY  PENNI  PENNE  PENNA  PENIE  PENGO  PENDU  PENCE  PENAL  
PELTA  PELON  PELMA  PELFS  PELAS  PEKOE  PEKIN  PEKAN  PEIZE  PEISE  
PEINS  PEGGY  PEEVE  PEERY  PEEPS  PEEPE  PEEOY  PEENS  PEELS  PEEKS  
PEECE  PEDRO  PEDAL  PECKY  PECKE  PECHS  PECAN  PEBAS  PEAZE  PEAVY  
PEART  PEARL  PEAKY  PEAKS  PEACH  PEACE  PAYSD  PAYOR  PAYEE  PAWLS  
PAWKY  PAWAW  PAVIN  PAVID  PAVEN  PAVAN  PAUSE  PATUS  PATTE  PATSY  
PATLY  PATIO  PATIN  PATHS  PATEN  PASTE  PASTA  PASSE  PASPY  PASHM  
PASHA  PASEO  PARVO  PARVE  PARTY  PARTI  PARSE  PARRS  PARRA  PARPS  
PAROL  PARLY  PARLE  PARKY  PARKI  PARKA  PARGO  PARGE  PAREV  PAREU  
PAREO  PARDI  PARCH  PARAS  PARAE  PAPPI  PAPER  PAPAW  PAPAS  PAPAL  
PAOLO  PAOLI  PANTO  PANNE  PANIM  PANIC  PANGA  PANEL  PANDA  PANCE  
PANAX  PAMPA  PALSY  PALPS  PALPI  PALLY  PALLA  PALKI  PALET  PALEA  
PALAY  PAISE  PAISA  PAIRE  PAGOD  PAGLE  PAGAN  PAEON  PAEAN  PADRI  
PADRE  PADMA  PADLE  PACTA  PACOS  PACER  PACAS  PAALS  OZZIE  OZONE  
OZEKI  OYERS  OXLIP  OXIMS  OXIME  OXIDS  OXIDE  OXEYE  OXERS  OXBOW  
OWSEN  OWRIE  OWRES  OWNER  OWNED  OWLET  OWLED  OWING  OWCHE  OVULE  
OVOLO  OVOLI  OVOID  OVIST  OVINE  OVERT  OVERS  OVENS  OVELS  OVATE  
OVARY  OVALS  OUZOS  OUZEL  OUTRO  OUTRE  OUTGO  OUTER  OUTDO  OUTBY  
OUSTS  OUSEL  OURIE  OUPHS  OUPHE  OUPED  OUPAS  OUNDY  OUNCE  OUMAS  
OULKS  OUIJA  OUGHT  OUCHT  OUBIT  OTTOS  OTTER  OTTAR  OTHER  OTARY  
OTAKU  OSTIA  OSSIA  OSMOL  OSMIC  OSIER  OSHAC  OSCAR  ORZOS  ORVAL  
ORTHO  ORRIS  ORPIN  ORNIS  ORMER  ORLOP  ORLON  ORLES  ORIXA  ORIEL  
ORIBI  ORGUE  ORGIC  ORGIA  ORGAN  ORFES  OREAD  ORDOS  ORDER  ORCIN  
ORCAS  ORBIT  ORBED  ORATE  ORANT  ORANG  ORALS  ORACY  ORACH  OPTIC  
OPTER  OPTED  OPSIN  OPPOS  OPIUM  OPING  OPINE  OPERA  OPEPE  OPENS  
OPALS  OPAHS  OOZES  OOZED  OOTID  OOSES  OORIE  OOPED  OONTS  OOMPH  
OOHED  OOBIT  ONTIC  ONSET  ONNED  ONLAY  ONKUS  ONIUM  ONION  ONERY  
ONERS  ONELY  ONCUS  ONCET  ONCER  OMRAH  OMOVS  OMLAH  OMITS  OMERS  
OMENS  OMEGA  OMBUS  OMBRE  OMASA  OLPES  OLPAE  OLOGY  OLLIE  OLLER  
OLLAV  OLLAS  OLIVE  OLIOS  OLEUM  OLEOS  OLENT  OLEIN  OLEIC  OLDIE  
OLDER  OLDEN  OKTAS  OKRAS  OKEHS  OKAYS  OKAPI  OJIME  OINTS  OINKS  
OILER  OILED  OIDIA  OHONE  OHMIC  OHING  OHIAS  OGRES  OGMIC  OGLES  
OGLER  OGLED  OGIVE  OGHAM  OGGIN  OGEES  OGAMS  OFTER  OFTEN  OFLAG  
OFFER  OFFED  OFFAL  OFAYS  ODYLS  ODYLE  ODSOS  ODOUR  ODORS  ODIUM  
ODIST  ODISM  ODEUM  ODEON  ODDLY  ODDER  ODALS  ODAHS  OCULI  OCTYL  
OCTET  OCTAS  OCTAN  OCTAL  OCTAD  OCREA  OCHRY  OCHRE  OCHES  OCHER  
OCEAN  OCCUR  OCCAM  OBOLS  OBOLI  OBOLE  OBOES  OBJET  OBITS  OBIIT  
OBIAS  OBEYS  OBESE  OBELI  OBEAH  OBANG  OAVES  OATHS  OATER  OATEN  
OASTS  OASIS  OASES  OARED  OAKUM  OAKER  OAKEN  OAKED  NYSSA  NYMPH  
NYLON  NYING  NYALA  NYAFF  NUTTY  NUTSY  NUTSO  NURSE  NURLS  NURDY  
NURDS  NUNNY  NUMEN  NUMBS  NULLA  NUKES  NUKED  NUGAE  NUDZH  NUDIE  
NUDGE  NUDES  NUDER  NUDDY  NUCHA  NUBIA  NUBBY  NOYAU  NOXES  NOXAL  
NOWTY  NOWAY  NOVUM  NOVEL  NOVAS  NOVAE  NOUPS  NOUNY  NOUNS  NOULE  
NOULD  NOTUM  NOTES  NOTER  NOTCH  NOTAL  NOSER  NORTH  NORMA  NORKS  
NORIS  NORIA  NOPAL  NOOPS  NOONS  NOOKS  NOOIT  NONYL  NONNY  NONIS  
NONGS  NONET  NONES  NONCE  NONAS  NOMOS  NOMOI  NOMIC  NOMEN  NOMAD  
NOISE  NOINT  NOILY  NOHOW  NOGGS  NOELS  NODUS  NODES  NODDY  NODAL  
NOCKS  NOBLY  NOBLE  NKOSI  NIZAM  NIXIE  NIXED  NIVAL  NITTY  NITRY  
NITRO  NITRE  NITON  NITID  NITES  NISUS  NISSE  NISEI  NIRLS  NIQAB  
NIPPY  NIPAS  NINTH  NINON  NINNY  NINJA  NINES  NIMPS  NIMBI  NIKAU  
NIHIL  NIGHT  NIGHS  NIFTY  NIFFY  NIFFS  NIFES  NIEVE  NIEFS  NIECE  
NIDUS  NIDOR  NIDES  NIDED  NIDAL  NICOL  NICKY  NICKS  NICHT  NICHE  
NICAD  NGWEE  NGOMA  NGATI  NGANA  NGAIO  NEXTS  NEWTS  NEWSY  NEWLY  
NEWIE  NEWER  NEWEL  NEVUS  NEVES  NEVER  NEVEL  NEUME  NEUKS  NETTY  
NETTS  NETOP  NERVY  NERVE  NERTZ  NERTS  NEROL  NERDY  NERDS  NERAL  
NEONS  NENES  NEMPT  NEMNS  NEMAS  NELIS  NEIVE  NEIGH  NEIFS  NEGUS  
NEGRO  NEEZE  NEESE  NEEMS  NEEMB  NEELE  NEELD  NEEDY  NEDDY  NEBEL  
NEBEK  NEATH  NEAPS  NAZIR  NAWAB  NAVVY  NAVEW  NAVEL  NAVAR  NAVAL  
NAUNT  NAUCH  NATTY  NATCH  NATAL  NASTY  NASHI  NASAL  NARRE  NARKS  
NARIC  NARDS  NARCS  NARCO  NAPPY  NAPPE  NAPPA  NAPOO  NANUA  NANNA  
NANDU  NANCY  NANCE  NANAS  NAMMA  NAMES  NALLA  NALAS  NAKFA  NAIVE  
NAIRU  NAIRA  NAIKS  NAIFS  NAIAD  NAHAL  NAGOR  NAGAS  NAFFS  NAEVI  
NAEVE  NADIR  NADAS  NACRE  NACHO  NACHE  NABOB  NABLA  NABKS  NABIS  
NABES  NAANS  NAAMS  MYXOS  MYTHY  MYTHS  MYTHI  MYSID  MYRRH  MYOPY  
MYOPS  MYOPE  MYOMA  MYOID  MYNAS  MYNAH  MYLAR  MYALL  MVULE  MUZZY  
MUXED  MUTTS  MUTON  MUTIS  MUTHA  MUTED  MUSTH  MUSSY  MUSSE  MUSOS  
MUSKY  MUSIT  MUSIC  MUSHA  MUSET  MUSES  MUSER  MUSED  MUSCA  MUSAR  
MURVA  MURTI  MURRY  MURRI  MURRE  MURRA  MURLY  MURKY  MURID  MUREX  
MURAS  MUONS  MUNTU  MUNIS  MUNGS  MUNGO  MUNGA  MUMUS  MUMSY  MUMPS  
MULSH  MULSE  MULLA  MULGA  MULEY  MULED  MULCT  MULCH  MUJIK  MUIST  
MUIRS  MUILS  MUIDS  MUHLY  MUGGY  MUGGS  MUGGA  MUFTI  MUFFS  MUDRA  
MUDIR  MUDDY  MUCUS  MUCRO  MUCOR  MUCIN  MUCID  MUCIC  MUCHO  MPRET  
MOYLS  MOYLE  MOXIE  MOWRA  MOWAS  MOVIE  MOUTH  MOUSY  MOUST  MOURN  
MOUNT  MOULT  MOULS  MOULD  MOUCH  MOTZA  MOTTS  MOTTO  MOTTE  MOTOR  
MOTIS  MOTIF  MOTHY  MOTHS  MOTEY  MOTET  MOTEN  MOTEL  MOTED  MOSTS  
MOSTE  MOSSY  MOSSO  MOSKS  MOSEY  MOSED  MORRO  MORRA  MORPH  MORON  
MORNE  MORIA  MORES  MORAY  MORAT  MORAS  MORAE  MOPSY  MOPEY  MOOVE  
MOOSE  MOORY  MOOLI  MOOLA  MOOED  MOOCH  MONTY  MONTH  MONTE  MONIE  
MONGO  MONEY  MONDO  MONDE  MONAS  MONAL  MONAD  MOMUS  MOMMA  MOMES  
MOLTO  MOLLS  MOLLA  MOLDY  MOLAS  MOLAR  MOLAL  MOKIS  MOJOS  MOITS  
MOIRE  MOIRA  MOILS  MOHUR  MOHUA  MOHRS  MOHEL  MOGUL  MOGGY  MOFOS  
MODUS  MODII  MODGE  MODES  MODER  MODEM  MODEL  MODAL  MOCHY  MOCHS  
MOCHA  MOBLE  MOBIE  MOBES  MOATS  MOANS  MNEME  MIZEN  MIXUP  MIXTE  
MIXEN  MITRE  MITIS  MISTY  MISSY  MISSA  MISOS  MISGO  MISES  MISER  
MISDO  MISCH  MIRZA  MIRTH  MIRLY  MIRKY  MIRIN  MIREX  MIRED  MINUS  
MINTY  MINOR  MINKE  MINIS  MINIM  MINGY  MINER  MINED  MINCY  MINCE  
MINAS  MINAR  MINAE  MIMSY  MIMIC  MIMEO  MILTZ  MILTY  MILPA  MILOS  
MILOR  MILLS  MILLE  MILKY  MILKS  MILKO  MILIA  MILER  MILDS  MILCH  
MIKRA  MIHIS  MIFTY  MIFFY  MIEVE  MIENS  MIDST  MIDIS  MIDGY  MIDGE  
MIDDY  MICRO  MICRA  MICOS  MICKY  MICHT  MICHE  MICAS  MIAUL  MIASM  
MIAOW  MIAOU  MHORR  MEZZO  MEZZE  MEYNT  MEWLS  MEWED  MEVES  MEUSE  
METRO  METRE  METOL  METIS  METIF  METIC  METHO  METES  METED  METAL  
MESTO  MESSY  MESON  MESNE  MESIC  MESHY  MESES  MESEL  MESAS  MESAL  
MERSE  MERLE  MERKS  MERIT  MERIS  MERIL  MERGE  MERER  MEREL  MERED  
MERDE  MERCS  MERCH  MEOWS  MEOUS  MENUS  MENTO  MENTA  MENSH  MENSA  
MENGS  MENGE  MENES  MENED  MENAD  MEMOS  MEMES  MELTY  MELON  MELIK  
MELIC  MELEE  MELDS  MELAS  MEKKA  MEITH  MEINY  MEINT  MEINS  MEFFS  
MEETS  MEEDS  MEDLE  MEDII  MEDIC  MEDIA  MEDAL  MECCA  MEBOS  MEATY  
MEASE  MEANY  MEANT  MEANE  MEALY  MBIRA  MAZUT  MAYST  MAYOS  MAYOR  
MAYBE  MAYAS  MAYAN  MAXIM  MAWRS  MAVIN  MAVIE  MAVEN  MAUVE  MAURI  
MAUND  MAULS  MAUDS  MAUBY  MATZO  MATZA  MATTE  MATLO  MATIN  MATHS  
MATEY  MATAI  MASUS  MASTY  MASTS  MASSY  MASSE  MASSA  MASON  MASKS  
MASHY  MASAS  MARSH  MARSE  MARRY  MARRI  MAROR  MARON  MARMS  MARLY  
MARLE  MARKS  MARKA  MARID  MARIA  MARGS  MARGE  MARCS  MARCH  MARAS  
MARAH  MARAE  MAQUI  MAPLE  MAPAU  MANUS  MANUL  MANTO  MANTA  MANSE  
MANOS  MANOR  MANNA  MANIS  MANIC  MANIA  MANGY  MANGS  MANGO  MANGE  
MANGA  MANET  MANES  MANEH  MANDI  MANAT  MANAS  MAMMA  MAMIE  MAMEE  
MAMBO  MAMBA  MAMAS  MALTY  MALTS  MALMY  MALMS  MALLS  MALIS  MALIK  
MALIC  MALAX  MALAS  MALAR  MALAM  MAKOS  MAKIS  MAKAR  MAJOR  MAIZE  
MAIST  MAISE  MAIRS  MAIRE  MAIMS  MAILS  MAILL  MAIKS  MAIKO  MAIDS  
MAHWA  MAHOE  MAGUS  MAGOT  MAGMA  MAGIC  MAGGS  MAFIC  MADRE  MADLY  
MADID  MADAM  MACRO  MACON  MACHO  MACHI  MACHE  MACED  MACAW  MABES  
MAARS  MAARE  MAAED  LYTTA  LYTIC  LYTHE  LYTED  LYSSA  LYSOL  LYSIS  
LYSIN  LYSES  LYSED  LYRIC  LYRES  LYNES  LYNCH  LYMPH  LYMES  LYING  
LYCRA  LYCEE  LYCEA  LYASE  LYART  LYARD  LYAMS  LWEIS  LUVVY  LUTED  
LUTEA  LUSUS  LUSHY  LUSER  LURVE  LURRY  LURKS  LURID  LURGY  LURGI  
LUREX  LURES  LURER  LURED  LURCH  LUPUS  LUPIN  LUNKS  LUNGS  LUNGI  
LUNGE  LUNET  LUNES  LUNCH  LUNAS  LUNAR  LUMPY  LUMPS  LUMMY  LUMME  
LUMEN  LUMAS  LUGER  LUGED  LUFFS  LUFFA  LUDOS  LUDIC  LUCRE  LUCKY  
LUCKS  LUCID  LUBRA  LUBES  LUBED  LUAUS  LUACH  LOZEN  LOYAL  LOWTS  
LOWRY  LOWPS  LOWNS  LOWNE  LOWND  LOWLY  LOWER  LOWAN  LOVEY  LOVAT  
LOUTS  LOURY  LOURE  LOUPS  LOUPE  LOUNS  LOUMA  LOUIS  LOUIE  LOTUS  
LOTTO  LOTTE  LOTOS  LOTIC  LOTAH  LOSSY  LOSES  LOSER  LOSEN  LOSEL  
LOSED  LORRY  LORIS  LOREL  LORAN  LORAL  LOOSE  LOORD  LOOPY  LOONY  
LOONS  LOOMS  LOOKS  LOOIE  LOOFS  LOOFA  LOOEY  LOOED  LOOBY  LONGS  
LONGE  LONGA  LOMED  LOMAS  LOLOG  LOKES  LOIPE  LOINS  LOIDS  LOHAN  
LOGOS  LOGON  LOGOI  LOGIN  LOGIE  LOGIC  LOGIA  LOGGY  LOGES  LOGAN  
LOFTY  LOFTS  LOESS  LODGE  LODES  LODEN  LOCUS  LOCUM  LOCOS  LOCHS  
LOCAL  LOBUS  LOBOS  LOBES  LOBED  LOBBY  LOBAR  LOAVE  LOATH  LOANS  
LOAMY  LOAMS  LOAFS  LOADS  LOACH  LLANO  LLAMA  LIVRE  LIVOR  LIVID  
LIVEN  LITRE  LITHS  LITHO  LITHE  LITER  LITED  LITAS  LITAI  LISPS  
LISLE  LISKS  LIROT  LIRKS  LIPPY  LIPIN  LIPID  LIONS  LINUX  LINUM  
LINTY  LINTS  LINOS  LINNS  LININ  LINGO  LINGA  LINEY  LINEN  LINED  
LINDY  LINDS  LINCH  LINAC  LIMPS  LIMPA  LIMOS  LIMNS  LIMMA  LIMIT  
LIMEY  LIMEN  LIMED  LIMBY  LIMBS  LIMBO  LIMBI  LIMBA  LIMAX  LIMAS  
LIMAN  LILTS  LILOS  LILAC  LIKIN  LIKES  LIKEN  LIGNE  LIGGE  LIGAN  
LIFTS  LIFES  LIFER  LIEVE  LIEUS  LIENS  LIEGE  LIEFS  LIDOS  LIDAR  
LICKS  LICIT  LICHT  LICHI  LIBRI  LIBRA  LIBER  LIBEL  LIART  LIARD  
LIANG  LIANE  LIANA  LEZZY  LEZZA  LEWIS  LEVIS  LEVIN  LEVER  LEVEL  
LEVEE  LEUGH  LEUDS  LEUCO  LEUCH  LETUP  LETHE  LETCH  LESES  LESBO  
LERPS  LERED  LEPTA  LEPRA  LEPID  LEPER  LEONE  LENTO  LENTI  LENSE  
LENOS  LENIS  LENGS  LENES  LENDS  LEMUR  LEMON  LEMMA  LEMEL  LEMED  
LEMAN  LEISH  LEIRS  LEHUA  LEHRS  LEGGY  LEGGE  LEGES  LEGER  LEGAL  
LEFTY  LEFTS  LEFTE  LEETS  LEESE  LEERY  LEEKS  LEECH  LEEAR  LEDUM  
LEDGY  LEDGE  LECCY  LEBEN  LEAZE  LEAVE  LEAST  LEASH  LEASE  LEARY  
LEARN  LEAPT  LEANY  LEANT  LEAMS  LEAKY  LEAKS  LEAFY  LEAFS  LEADY  
LEADS  LEACH  LAZZO  LAZZI  LAZAR  LAYUP  LAYIN  LAXLY  LAWNY  LAWIN  
LAVRA  LAURA  LAUND  LAUGH  LAUFS  LAUCH  LAUAN  LATTE  LATHY  LATHS  
LATHI  LATHE  LATEX  LATEN  LATCH  LATAH  LASSU  LASSO  LASSI  LASES  
LASER  LASED  LARVA  LARUM  LARNS  LARKY  LARGO  LARGE  LAREE  LARDY  
LARDS  LARCH  LAPSE  LAPJE  LAPIS  LAPIN  LAPEL  LANTS  LANKY  LANKS  
LANDS  LANDE  LANCH  LANCE  LANAS  LANAI  LAMPS  LAMMY  LAMES  LAMBY  
LALDY  LAKSA  LAKIN  LAKHS  LAKES  LAKER  LAITY  LAITH  LAIRY  LAIRD  
LAIKS  LAIKA  LAIGH  LAIDS  LAICS  LAICH  LAHAR  LAGER  LAGAN  LAEVO  
LAERS  LADLE  LADES  LADER  LADEN  LACKS  LACEY  LACET  LACES  LACER  
LABRA  LABOR  LABIS  LABIA  LABEL  LABDA  LAARI  KYTHE  KYTES  KYRIE  
KYNDS  KYNDE  KYLOE  KYLIX  KYLIN  KYLIE  KYDST  KYBOS  KYANG  KYACK  
KWELA  KVELL  KVASS  KUZUS  KUTUS  KUTIS  KUSSO  KURUS  KURTA  KURRE  
KURIS  KULFI  KULAN  KULAK  KUKUS  KUKRI  KUIAS  KUGEL  KUFIS  KUDZU  
KUDUS  KUDOS  KSARS  KRUBI  KROON  KRONA  KREWE  KRENG  KREEP  KRAUT  
KRANZ  KRANG  KRAIT  KOURA  KOTOW  KOTOS  KOSES  KORUS  KORUN  KORMA  
KORAT  KORAI  KOPPA  KOPJE  KOPHS  KOPEK  KOORI  KOOKY  KOOKS  KONKS  
KONDO  KONBU  KOMBU  KOLOS  KOLAS  KOKUM  KOKRA  KOJIS  KOINE  KOHLS  
KOFTA  KOFFS  KOELS  KOBOS  KOBAN  KOANS  KOALA  KNUTS  KNURS  KNURR  
KNURL  KNUBS  KNOWS  KNOWN  KNOWE  KNOUT  KNOSP  KNOPS  KNOLL  KNOCK  
KNOBS  KNIVE  KNITS  KNISH  KNIFE  KNELT  KNELL  KNEES  KNEEL  KNEED  
KNEAD  KNAWE  KNAVE  KNAUR  KNARS  KNARL  KNAPS  KNACK  KLUTZ  KLUGE  
KLOOF  KLONG  KLIKS  KLIEG  KLICK  KLETT  KLANG  KIWIS  KIVAS  KITTY  
KITHS  KITHE  KITED  KISTS  KISSY  KISAN  KIRRI  KIRNS  KIRKS  KIRBY  
KIPPS  KIPPA  KIOSK  KIORE  KINOS  KINKY  KINKS  KININ  KINGS  KINDY  
KINDS  KINDA  KIMBO  KILTY  KILPS  KILOS  KILIM  KILEY  KIKOI  KIKES  
KIEVE  KIERS  KIDGE  KIDEL  KIDDY  KIDDO  KICKY  KICKS  KIBLA  KIBES  
KIBEI  KIBBI  KIBBE  KIANG  KIAAT  KHUDS  KHOUM  KHORS  KHOJA  KHETS  
KHETH  KHEDA  KHAZI  KHAYA  KHATS  KHAPH  KHAKI  KHADI  KEXES  KEVIL  
KEVEL  KETOL  KETCH  KETAS  KESAR  KERVE  KEROS  KERNS  KERNE  KERKY  
KERFS  KEREL  KERBS  KEPIS  KENTE  KENOS  KENDO  KENCH  KENAF  KEMPY  
KEMPT  KEMBS  KEMBO  KELTY  KELPY  KELPS  KELIM  KELEP  KEIRS  KEHUA  
KEFIR  KEEVE  KEENO  KEELS  KEEKS  KEEFS  KEECH  KEDGY  KEDGE  KECKS  
KEBOB  KEBAR  KEBAB  KBARS  KAZOO  KAYOS  KAYAK  KAWAU  KAURY  KAURU  
KAURI  KAUGH  KATTI  KATIS  KASME  KASHA  KARZY  KARSY  KARST  KARRI  
KAROO  KARNS  KARMA  KARKS  KARAT  KARAS  KAPUT  KAPPA  KAPOK  KAPAS  
KAONS  KANZU  KANJI  KANGS  KANEH  KANAS  KAMIS  KAMIK  KAMAS  KALPA  
KALIS  KALIF  KALAM  KAKIS  KAKAS  KAINS  KAING  KAIKS  KAIKA  KAIDS  
KAIAK  KAHAL  KAGUS  KAGOS  KAFIR  KADIS  KABOB  KABAR  KABAB  JUTTY  
JUROR  JUREL  JURAT  JUPON  JUNTO  JUNTA  JUNCO  JUMBY  JUMBO  JUMAR  
JULEP  JUKUS  JUKED  JUICY  JUICE  JUGUM  JUGAL  JUDOS  JUDAS  JUCOS  
JUBES  JUBAS  JOWLY  JOWAR  JOUST  JOULE  JOUGS  JOUAL  JOTUN  JOTTY  
JOTAS  JORUM  JORAM  JONTY  JOMOS  JOMON  JOLTY  JOLED  JOKOL  JOIST  
JOINT  JOEYS  JODEL  JOCKO  JNANA  JIVEY  JISMS  JIRRE  JIRGA  JINNS  
JINNI  JINNE  JINGO  JIMPY  JIMMY  JIHAD  JIGOT  JIGGY  JIAOS  JHALA  
JEWIE  JEWEL  JEWED  JEUNE  JETTY  JETON  JESUS  JESSE  JERKY  JERKS  
JERID  JEMBE  JELLO  JELAB  JEHAD  JEERS  JEELY  JEDIS  JEBEL  JAWAN  
JATOS  JASPS  JASPE  JASEY  JARUL  JARTA  JAPER  JAPAN  JANTY  JAMBU  
JAMBS  JAMBO  JAMBE  JALOP  JAGRA  JAGIR  JADED  JABOT  JAAPS  IZZAT  
IZARS  IZARD  IXTLE  IXORA  IXIAS  IVORY  IVIES  IVIED  ITHER  ITEMS  
ITCHY  ISTLE  ISSUE  ISSEI  ISNAE  ISLET  ISLES  ISLED  ISHES  ISBAS  
IRONY  IROKO  IRKED  IRING  IRIDS  IRATE  IPPON  IOTAS  IONIC  IODIN  
IODID  IODIC  INWIT  INVAR  INUST  INURN  INURE  INULA  INTRO  INTRA  
INTIS  INTIL  INTEL  INSET  INRUN  INPUT  INORB  INNER  INNED  INLET  
INLAY  INKLE  INKER  INKED  INION  INGOT  INGLE  INGAN  INFRA  INFOS  
INFIX  INFER  INERT  INERM  INEPT  INDUE  INDRI  INDOW  INDOL  INDIE  
INDEX  INDEW  INCUT  INCUS  INCUR  INCOG  INCLE  INBYE  INARM  INAPT  
INANE  IMSHY  IMSHI  IMPOT  IMPLY  IMPIS  IMPEL  IMMIX  IMMIT  IMMEW  
IMINO  IMINE  IMIDS  IMIDO  IMIDE  IMBUE  IMBED  IMBAR  IMAUM  IMARI  
IMAMS  IMAGO  IMAGE  ILLTH  ILLER  ILIUM  ILIAL  ILIAD  ILIAC  ILEUS  
ILEUM  ILEAL  ILEAC  IKONS  IKANS  IHRAM  IGLUS  IGLOO  IGAPO  IFTAR  
IDYLS  IDYLL  IDOLS  IDOLA  IDLES  IDLER  IDLED  IDIOT  IDIOM  IDENT  
IDEES  IDEAS  IDEAL  IDANT  ICTUS  ICTIC  ICTAL  ICONS  ICKLE  ICKER  
ICING  ICILY  ICIER  ICHOR  ICHES  ICERS  IAMBS  IAMBI  HYTHE  HYSON  
HYRAX  HYPOS  HYPHA  HYPER  HYPED  HYOID  HYNDE  HYMNS  HYMEN  HYLIC  
HYLEG  HYLAS  HYING  HYENS  HYENA  HYDRO  HYDRA  HWYLS  HUTIA  HUTCH  
HUSSY  HUSOS  HUSKY  HUSKS  HUSHY  HURTS  HURST  HURRA  HUNTS  HUNKY  
HUNCH  HUMUS  HUMPH  HUMOR  HUMID  HUMIC  HUMAS  HUMAN  HULLO  HULKY  
HULAS  HUHUS  HUFFY  HUDUD  HUDNA  HOYLE  HOYAS  HOWSO  HOWRE  HOWFF  
HOWDY  HOWBE  HOVEL  HOVEA  HOUSE  HOURS  HOURI  HOUGH  HOUFS  HOUFF  
HOTTY  HOTLY  HOTEN  HOTCH  HOSTS  HOSTA  HOSEY  HOSES  HOSER  HOSEN  
HOSEL  HOSED  HORSY  HORST  HORNY  HORME  HORDE  HORAS  HOPPY  HOOVE  
HOOTY  HOOSH  HOORD  HOOPS  HOOLY  HOOKA  HOOEY  HOOCH  HONOR  HONKY  
HONGI  HONAN  HOMOS  HOMME  HOMIE  HOMEY  HOMAS  HOLON  HOLLO  HOLLA  
HOLKS  HOLEY  HOLED  HOKKU  HOKIS  HOKED  HOIST  HOISE  HOIKS  HOICK  
HOGAN  HOERS  HODAD  HOCUS  HOBOS  HOAST  HOARY  HOARS  HOARD  HOAGY  
HOAED  HIZEN  HITHE  HITCH  HISTS  HISSY  HIRES  HIRER  HIREE  HIRED  
HIPPY  HIPPO  HIPLY  HIOIS  HINTS  HINNY  HINKY  HINAU  HIMBO  HILUS  
HILUM  HILTS  HILLO  HILCH  HILAR  HIKOI  HIKED  HIJRA  HIJAB  HIGHT  
HIGHS  HIEMS  HIDER  HIDED  HIANT  HEYED  HEXYL  HEXES  HEXER  HEXED  
HEXAD  HEWGH  HEWER  HEWED  HEVEA  HEUGH  HEUCH  HETHS  HESTS  HESPS  
HERYE  HERTZ  HERSE  HERRY  HEROS  HERON  HEROE  HERMA  HERDS  HERBS  
HEPAR  HENRY  HENNA  HENGE  HENCE  HEMPY  HEMIN  HEMIC  HEMES  HELVE  
HELPS  HELOT  HELOS  HELMS  HELLO  HELIX  HELIO  HELES  HELED  HEJRA  
HEJAB  HEIST  HEIRS  HEIGH  HEIDS  HEFTY  HEFTS  HEFTE  HEEZE  HEELS  
HEEDY  HEEDS  HEDGY  HEDGE  HEDER  HECHT  HEBEN  HEAVY  HEAVE  HEATH  
HEAST  HEART  HEARE  HEARD  HEAPY  HEAPS  HEAME  HEALS  HEALD  HEADY  
HEADS  HAZAN  HAYEY  HAWED  HAVOC  HAVES  HAVEN  HAUTE  HAUSE  HAULS  
HAULM  HAULD  HAUGH  HATHA  HATCH  HASTY  HASTE  HASTA  HASPS  HASKS  
HASHY  HARSH  HARRY  HARPY  HAROS  HARMS  HARIM  HAREM  HARDY  HARAM  
HAPPY  HAPAX  HAOMA  HAOLE  HANSE  HANSA  HANKY  HANGI  HANCH  HANAP  
HAMZA  HAMMY  HAMBA  HAMAL  HALVE  HALVA  HALTS  HALSE  HALOS  HALON  
HALMS  HALMA  HALLO  HALID  HALFA  HALER  HALAL  HAKUS  HAKIM  HAKEA  
HAKAS  HAKAM  HAJJI  HAITH  HAIRY  HAINT  HAILY  HAIKU  HAICK  HAGGS  
HAFIZ  HAETS  HAEMS  HADST  HADJI  HADED  HADAL  HACEK  HABIT  HAARS  
HAAFS  GYRUS  GYROS  GYRON  GYRES  GYRED  GYRAL  GYPSY  GYPPY  GYPPO  
GYOZA  GYNNY  GYNIE  GYNAE  GYMPS  GYELD  GYBED  GWINE  GUYSE  GUYOT  
GUYLE  GUYED  GUTTY  GUTTA  GUTSY  GUSTY  GUSTS  GUSTO  GUSSY  GUSLI  
GUSLE  GUSLA  GUSHY  GURUS  GURSH  GURLY  GURGE  GUPPY  GUNKY  GUNKS  
GUNGY  GUNGE  GUMPS  GUMMY  GUMMA  GUMBO  GULPY  GULPS  GULPH  GULFY  
GULFS  GULES  GULCH  GULAS  GULAR  GULAG  GUISE  GUIRO  GUIMP  GUILT  
GUILE  GUILD  GUIDS  GUIDE  GUEST  GUESS  GUDES  GUCKY  GUCKS  GUAVA  
GUARS  GUARD  GUANS  GUANO  GUANA  GUACO  GRYPT  GRYPE  GRYKE  GRYDE  
GRYCE  GRUNT  GRUMP  GRUME  GRUFF  GRUFE  GRUES  GRUEL  GRUED  GRUBS  
GROWS  GROWL  GROUT  GROUP  GROUF  GROTS  GROSZ  GROSS  GROPE  GROOM  
GROOF  GRONE  GROMA  GROKS  GROIN  GROGS  GRODY  GROAT  GROAN  GRITH  
GRISY  GRIST  GRISE  GRIPY  GRIPT  GRIOT  GRINS  GRIND  GRIMY  GRIME  
GRIKE  GRIGS  GRIFT  GRIFF  GRIEF  GRIDS  GRIDE  GRICE  GREWS  GREVE  
GRESE  GRENZ  GREIN  GREGO  GREGE  GREET  GREEN  GREEK  GREED  GRECE  
GREBE  GREAT  GRAVY  GRATE  GRASS  GRASP  GRAPY  GRAPH  GRANT  GRANS  
GRAND  GRANA  GRAMS  GRAMP  GRAME  GRAMA  GRAIN  GRAIL  GRAFT  GRAFF  
GRADS  GRADE  GRACE  GRABS  GRAAL  GOYIM  GOWKS  GOWAN  GOUTY  GOURD  
GOURA  GOUKS  GOUGE  GOTTA  GOTHS  GOSSE  GOSHT  GORSY  GORSE  GORMS  
GORGE  GORED  GORAS  GOPIK  GOPAK  GOOSY  GOOSE  GOORY  GOOPS  GOOLY  
GOOLD  GOOKY  GOOFY  GOOFS  GOOEY  GOODY  GOODS  GOOBY  GONZO  GONYS  
GONOF  GONNA  GONIF  GONIA  GONGS  GONEF  GONAD  GOMPA  GOMBO  GOLPS  
GOLPE  GOLFS  GOLES  GOLEM  GOLDY  GOING  GOGOS  GOGGA  GOETY  GOERS  
GOELS  GODSO  GODLY  GODET  GOBOS  GOBBY  GOBBO  GOBBI  GOBAN  GOATY  
GOATS  GOARY  GOALS  GOAFS  GOADS  GNOWS  GNOME  GNAWS  GNAWN  GNASH  
GNARR  GNARL  GLYPH  GLUTS  GLUTE  GLUON  GLUMS  GLUME  GLUGS  GLUEY  
GLUER  GLOVE  GLOUT  GLOST  GLOSS  GLORY  GLOPS  GLOOP  GLOOM  GLOMS  
GLOGG  GLODE  GLOBY  GLOBS  GLOBI  GLOBE  GLOAT  GLOAM  GLITZ  GLITS  
GLISK  GLINT  GLIMS  GLIME  GLIKE  GLIFT  GLIFF  GLIDE  GLIBS  GLIAL  
GLENT  GLEIS  GLEET  GLEES  GLEEK  GLEED  GLEDS  GLEDE  GLEBY  GLEBE  
GLEBA  GLEAN  GLEAM  GLAZY  GLAZE  GLAUR  GLAUM  GLASS  GLARY  GLARE  
GLAND  GLAIR  GLAIK  GLADY  GLADE  GLACE  GIZMO  GIVER  GIVEN  GIVED  
GIUST  GISTS  GISMS  GISMO  GIRTH  GIRSH  GIRRS  GIROS  GIRON  GIRNS  
GIRLY  GIRDS  GIPSY  GIPPY  GIPPO  GIPON  GINZO  GINNY  GINGS  GINGE  
GIMPY  GIMPS  GIMME  GIMEL  GILTS  GILPY  GILLY  GILET  GILDS  GILAS  
GIGUE  GIGOT  GIGHE  GIFTS  GIDDY  GIBUS  GIBLI  GIBEL  GIANT  GHYLL  
GHOUL  GHOST  GHEST  GHEES  GHAZI  GHAUT  GHAST  GEYAN  GETUP  GETAS  
GESTS  GESTE  GESSO  GESSE  GERNE  GERMY  GERLE  GERBE  GERAH  GEOID  
GEODE  GENUS  GENUA  GENTY  GENRO  GENRE  GENOM  GENOA  GENIP  GENII  
GENIE  GENIC  GENET  GENAS  GENAL  GEMOT  GEMMY  GEMMA  GEMEL  GELLY  
GELID  GELEE  GELDS  GEIST  GEEST  GEESE  GEEPS  GEEKY  GEEKS  GECKO  
GEBUR  GEATS  GEANS  GEALS  GAZOO  GAZON  GAZAR  GAYLY  GAYAL  GAWSY  
GAWDS  GAWCY  GAVOT  GAVEL  GAUZE  GAUSS  GAURS  GAUNT  GAUMY  GAUMS  
GAULT  GAUJE  GAUGE  GAUDY  GAUDS  GAUCY  GATOR  GATHS  GATER  GASTS  
GASSY  GASPY  GASPS  GASES  GARUM  GARTH  GARRE  GARNI  GARBO  GARBE  
GAPER  GAOLS  GANOF  GANJA  GANGS  GANEV  GANEF  GANCH  GAMUT  GAMPS  
GAMMY  GAMME  GAMMA  GAMIN  GAMIC  GAMER  GAMBS  GAMBO  GAMBE  GAMBA  
GAMAY  GAMAS  GALVO  GALUT  GALOP  GALLY  GALES  GALEA  GALAH  GAJOS  
GAITT  GAIRS  GAILY  GAGER  GAFFE  GADSO  GADJO  GADJE  GADID  GADGE  
GADDI  GABLE  GABBY  FYTTE  FYRDS  FYLES  FYKED  FUZZY  FUZIL  FUZEE  
FUTON  FUSTY  FUSTS  FUSSY  FUSIL  FUSES  FUSEL  FUSEE  FUSED  FURZE  
FURTH  FUROR  FUROL  FURCA  FURAN  FURAL  FUNNY  FUNKY  FUNKS  FUNGO  
FUNGI  FUNDY  FUNDS  FUNDI  FUMET  FUMER  FUMED  FULLS  FUJIS  FUGUE  
FUGLY  FUGLE  FUGIO  FUGIE  FUGGY  FUGAL  FUFFS  FUERO  FUELS  FUDGE  
FUCKS  FUBSY  FUBBY  FUBAR  FRYER  FRUST  FRUSH  FRUMP  FRUIT  FRUGS  
FROWY  FROWN  FROTH  FROST  FROSH  FRORY  FRORN  FRORE  FRONT  FROND  
FROES  FROCK  FRIZZ  FRIZE  FRITZ  FRITT  FRITS  FRITH  FRIST  FRISK  
FRISE  FRILL  FRIGS  FRIER  FRIED  FRIBS  FRIAR  FRETS  FRESH  FRERE  
FREON  FRENA  FREMD  FREIT  FREET  FREES  FREER  FREAK  FRAUD  FRATI  
FRATE  FRASS  FRANC  FRAIM  FRAIL  FRACT  FRACK  FOYNE  FOYLE  FOXIE  
FOWTH  FOWLS  FOVEA  FOUTH  FOURS  FOUNT  FOUND  FOULS  FOULE  FOUDS  
FOUAT  FOSSE  FOSSA  FORZA  FORUM  FORTY  FORTH  FORTE  FORME  FORKY  
FORGO  FORGE  FOREX  FOREL  FORDO  FORCE  FORAY  FORAM  FOOTY  FOOLS  
FOODY  FOODS  FONLY  FONDU  FONDA  FOMES  FOLLY  FOLKY  FOLKS  FOLIO  
FOLIC  FOLIA  FOLEY  FOLDS  FOIST  FOILS  FOIDS  FOGLE  FOGIE  FOEHN  
FOCUS  FOCAL  FOAMY  FOAMS  FOALS  FLYTE  FLYPE  FLYER  FLYBY  FLUYT  
FLUTY  FLUTE  FLUSH  FLURR  FLUOR  FLUNK  FLUNG  FLUMP  FLUME  FLUKY  
FLUKE  FLUID  FLUFF  FLUEY  FLUED  FLUBS  FLOWN  FLOUT  FLOUR  FLOTE  
FLOTA  FLOSS  FLOSH  FLORY  FLORS  FLORA  FLOPS  FLOOR  FLOOD  FLONG  
FLOGS  FLOES  FLOCS  FLOCK  FLOAT  FLITT  FLITS  FLITE  FLISK  FLIRT  
FLIRS  FLIPS  FLINT  FLING  FLIMS  FLIMP  FLIER  FLIED  FLICS  FLICK  
FLEYS  FLEXO  FLEWS  FLESH  FLEME  FLEGS  FLEET  FLEER  FLECK  FLEAS  
FLEAM  FLAWY  FLAWN  FLASK  FLASH  FLARY  FLARE  FLAPS  FLANK  FLAMY  
FLAMS  FLAMM  FLAME  FLAKY  FLAKE  FLAIR  FLAIL  FLAGS  FLAFF  FLACK  
FLABS  FJORD  FJELD  FIXIT  FIVES  FIVER  FITTS  FITTE  FITNA  FITLY  
FISTY  FISTS  FISKS  FISHY  FISCS  FIRTH  FIRST  FIRRY  FIRNS  FIRIE  
FIRES  FIRER  FIRED  FIQUE  FIORD  FINOS  FINNY  FINIS  FINED  FINCH  
FINCA  FINAL  FILUM  FILTH  FILOS  FILMY  FILMS  FILMI  FILLY  FILLO  
FILLE  FILET  FILED  FILCH  FILAR  FIKED  FIFTY  FIFTH  FIFER  FIEST  
FIERY  FIERS  FIERE  FIENT  FIEND  FIELD  FIEFS  FIDOS  FIDGE  FICUS  
FICOS  FICIN  FICHU  FICHE  FIBRO  FIBRE  FIBER  FIARS  FEZZY  FEZES  
FEYLY  FEYER  FEYED  FEWER  FEVER  FEUDS  FEUAR  FETWA  FETTS  FETTA  
FETOR  FETID  FETED  FETCH  FETAS  FETAL  FESTY  FESTS  FESTA  FESSE  
FERRY  FERNY  FERMI  FERLY  FERES  FERER  FERAL  FEOFF  FEODS  FENNY  
FENKS  FENIS  FENDY  FENDS  FENCE  FEMUR  FEMMY  FEMME  FEMES  FEMAL  
FELTY  FELON  FELLY  FELLA  FELID  FEIST  FEINT  FEIGN  FEHME  FEEZE  
FEESE  FEERS  FEENS  FEELS  FEEDS  FEDEX  FECIT  FECHT  FECAL  FEATS  
FEAST  FEASE  FEARE  FEALS  FAYRE  FAYNE  FAWNY  FAVOR  FAVES  FAVEL  
FAUVE  FAURD  FAUNA  FAULT  FAULD  FAUGH  FATWA  FATTY  FATSO  FATLY  
FATED  FATAL  FASTS  FASTI  FASCI  FARSE  FAROS  FARMS  FARLE  FARER  
FARCY  FARCI  FARCE  FARAD  FAQIR  FANUM  FANON  FANNY  FANGO  FANGA  
FANAL  FAMED  FALSE  FALAJ  FAKIR  FAITH  FAIRY  FAIRS  FAINT  FAINE  
FAGOT  FAGIN  FAGGY  FAERY  FAENA  FADOS  FADGE  FADER  FADED  FACIA  
FACET  FACER  FABLE  EYRIR  EYRIE  EYRES  EYRAS  EYOTS  EYERS  EYASS  
EXURB  EXULT  EXULS  EXUDE  EXTRA  EXTOL  EXPOS  EXPEL  EXPAT  EXONS  
EXODE  EXITS  EXIST  EXING  EXINE  EXILE  EXERT  EXEME  EXEEM  EXECS  
EXEAT  EXCEL  EXAMS  EXALT  EXACT  EWHOW  EWEST  EWERS  EVOKE  EVOHE  
EVITE  EVILS  EVICT  EVHOE  EVETS  EVERY  EVERT  EVENT  EVENS  EVADE  
EUSOL  EUROS  EUPAD  EUKED  EUGHS  ETYMA  ETWEE  ETUIS  ETUDE  ETTLE  
ETTIN  ETHYL  ETHOS  ETHIC  ETHER  ETHAL  ETENS  ETATS  ETAPE  ETAGE  
ESTRO  ESTOP  ESTOC  ESTER  ESSES  ESSAY  ESNES  ESKER  ESKAR  ESILE  
ESCOT  ESCAR  ERVIL  ERVEN  ERUVS  ERUPT  ERUGO  ERUCT  ERSES  ERROR  
ERRED  EROSE  ERODE  ERNES  ERNED  ERING  ERICS  ERICK  ERICA  ERGOT  
ERGOS  ERGON  EREVS  ERECT  ERBIA  ERASE  EQUIP  EQUID  EQUAL  EPROM  
EPRIS  EPOXY  EPOPT  EPODE  EPOCH  EPICS  EPHOR  EPHOD  EPHAS  EPHAH  
EPEES  EPACT  EOSIN  EORLS  ENZYM  ENVOY  ENVOI  ENURE  ENTRY  ENTIA  
ENTER  ENSUE  ENSKY  ENSEW  ENROL  ENOWS  ENORM  ENOLS  ENOKI  ENNUI  
ENNOG  ENMEW  ENLIT  ENJOY  ENIAC  ENFIX  ENEWS  ENEMY  ENEMA  ENDUE  
ENDOW  ENDEW  ENDER  ENDED  ENATE  ENARM  ENACT  EMYDS  EMYDE  EMURE  
EMULE  EMPTY  EMPTS  EMOVE  EMOTE  EMONG  EMMYS  EMMEW  EMMET  EMMER  
EMMAS  EMITS  EMIRS  EMEUS  EMERY  EMEND  EMEER  EMCEE  EMBUS  EMBOX  
EMBOW  EMBOG  EMBER  EMBED  EMBAY  EMBAR  EMAIL  EMACS  ELVER  ELVAN  
ELUTE  ELUDE  ELSIN  ELPEE  ELOPS  ELOPE  ELOIN  ELOGY  ELOGE  ELMEN  
ELITE  ELINT  ELIDE  ELIAD  ELFIN  ELFED  ELEMI  ELEGY  ELECT  ELDIN  
ELDER  ELCHI  ELBOW  ELATE  ELANS  ELAND  ELAIN  EKKAS  EKING  EJECT  
EISEL  EILDS  EIKON  EIKED  EIGNE  EIGHT  EIDOS  EIDER  EHING  EGRET  
EGMAS  EGGER  EGGED  EGGAR  EGEST  EGERS  EGADS  EFFED  EEVNS  EEVEN  
EERIE  EEJIT  EDUCT  EDUCE  EDITS  EDILE  EDIFY  EDICT  EDGES  EDGER  
EDGED  EDEMA  ECRUS  ECLAT  ECHOS  ECHES  ECADS  EBOOK  EBONY  EBONS  
EBBET  EBBED  EAVES  EAVED  EATHE  EATER  EATEN  EASTS  EASLE  EASES  
EASER  EASEL  EASED  EARTH  EARST  EARNS  EARLY  EARLS  EARED  EARDS  
EANED  EALES  EAGRE  EAGLE  EAGER  DZHOS  DYNES  DYNEL  DYKEY  DYKES  
DYKED  DYING  DYERS  DYADS  DWINE  DWILE  DWELT  DWELL  DWEEB  DWAUM  
DWARF  DWANG  DWAMS  DWALM  DWALE  DWAAL  DUVET  DUTCH  DUSTY  DUSTS  
DUSKY  DUSKS  DURZI  DURUM  DURST  DURRY  DURRS  DURRA  DUROY  DUROS  
DUROC  DURGY  DURES  DURED  DURAS  DURAL  DUPPY  DUPLY  DUPLE  DUPER  
DUPED  DUOMO  DUOMI  DUNTS  DUNSH  DUNNY  DUNNO  DUNGY  DUNES  DUNCH  
DUNCE  DUNAM  DUMPY  DUMMY  DUMKY  DUMKA  DUMBO  DUMAS  DULSE  DULLY  
DULIA  DUKKA  DUKED  DUKAS  DUITS  DUING  DUETT  DUELS  DUDES  DUDED  
DUCTS  DUCKY  DUCHY  DUCES  DUCAT  DUBBO  DUANS  DUALS  DUADS  DSOMO  
DSOBO  DRYLY  DRYER  DRYAD  DRUXY  DRUSY  DRUSE  DRUPE  DRUNK  DRUMS  
DRUID  DRUGS  DRUBS  DROWN  DROVE  DROUK  DROSS  DROPT  DROPS  DROOK  
DROOG  DROOB  DRONY  DRONE  DROME  DROLL  DROLE  DROIT  DROIL  DROID  
DRIVE  DRIPT  DRIPS  DRINK  DRILY  DRILL  DRIFT  DRIES  DRIER  DRIED  
DRICE  DRIBS  DREST  DRESS  DRERE  DRENT  DREGS  DREES  DREED  DRECK  
DREAR  DREAM  DREAD  DRAYS  DRAWN  DRATS  DRAPS  DRAPE  DRANT  DRANK  
DRAMS  DRAMA  DRAKE  DRAIN  DRAIL  DRAGS  DRAFT  DRAFF  DRACO  DRABS  
DOZEN  DOYLY  DOYEN  DOXIE  DOWSE  DOWRY  DOWPS  DOWNY  DOWNS  DOWNA  
DOWLY  DOWLE  DOWIE  DOWEL  DOWDY  DOWDS  DOWAR  DOVIE  DOVEN  DOUTS  
DOUSE  DOURA  DOUMS  DOUMA  DOULA  DOUGH  DOUCS  DOUCE  DOUBT  DOUAR  
DOTTY  DOTES  DOTER  DOTED  DOTAL  DOSES  DOSER  DOSEH  DOSED  DORTY  
DORTS  DORSE  DORSA  DORRS  DORMY  DORKY  DORIS  DORIC  DOREE  DORBS  
DORBA  DORAD  DOPEY  DOPER  DOPED  DOOZY  DOORN  DOONA  DOOMY  DOOMS  
DOOLY  DOOLS  DOOLE  DOOKS  DOODY  DOOBS  DONUT  DONSY  DONOR  DONNY  
DONNE  DONNA  DONKO  DONGA  DONER  DONEE  DONAS  DONAH  DOMIC  DOMES  
DOMED  DOMAL  DOLOS  DOLOR  DOLMA  DOLLY  DOLLS  DOLIA  DOLES  DOLED  
DOLCI  DOLCE  DOITS  DOING  DOILY  DOILT  DOHYO  DOGMA  DOGIE  DOGGY  
DOGGO  DOGEY  DOFFS  DOETH  DOEST  DOERS  DOEKS  DODGY  DODGE  DODDY  
DOCOS  DOCKS  DOCHT  DOBRO  DOBRA  DOBLA  DOBIE  DOBBY  DOATS  DOABS  
DJINS  DJINN  DIZZY  DIZEN  DIXIT  DIXIE  DIWAN  DIVVY  DIVOT  DIVIS  
DIVAS  DIVAN  DITZY  DITTY  DITTS  DITTO  DITSY  DITED  DITCH  DITAS  
DITAL  DISME  DISKS  DISHY  DISCS  DISCO  DISCI  DISAS  DIRTY  DIRKE  
DIRGE  DIRER  DIRAM  DIPSO  DIPPY  DIOTA  DIOLS  DIODE  DINTS  DINOS  
DINNA  DINKY  DINIC  DINGY  DINGS  DINGO  DINGE  DINED  DINAR  DIMPS  
DIMLY  DIMER  DILLY  DILLI  DILDO  DIKEY  DIKES  DIKER  DIKED  DIGIT  
DIGHT  DIFFS  DIETS  DIENE  DIEBS  DIDST  DIDOS  DIDIE  DICTY  DICTS  
DICTA  DICOT  DICKS  DICHT  DICEY  DICES  DICER  DICED  DIBBS  DIAZO  
DIARY  DIACT  DHUTI  DHOWS  DHOTI  DHOLS  DHOLL  DHOLE  DHOBI  DHALS  
DEXIE  DEXES  DEWED  DEWAX  DEWAR  DEWAN  DEVOT  DEVON  DEVIL  DEVEL  
DEVAS  DEUCE  DETOX  DETER  DESSE  DESKS  DESHI  DESEX  DERTH  DERRY  
DERRO  DEROS  DERNS  DERMS  DERMA  DERIG  DERES  DERED  DERBY  DERAY  
DERAT  DEPTH  DEPOT  DEOXY  DENSE  DENIS  DENIM  DENET  DENAY  DENAR  
DEMUR  DEMPT  DEMOS  DEMON  DEMOB  DEMIT  DEMIC  DEMES  DEMAN  DELVE  
DELTS  DELTA  DELPH  DELOS  DELLY  DELLS  DELIS  DELFT  DELFS  DELED  
DELAY  DEKKO  DEKES  DEKED  DEITY  DEIST  DEISM  DEILS  DEIGN  DEIFY  
DEIDS  DEICE  DEGUM  DEGAS  DEFOG  DEFIS  DEFFO  DEFER  DEEVE  DEERS  
DEERE  DEEPS  DEENS  DEEMS  DEELY  DEEDY  DEEDS  DEDAL  DECRY  DECOY  
DECOS  DECOR  DECKS  DECKO  DECAY  DECAL  DECAF  DECAD  DEBYE  DEBUT  
DEBUS  DEBUG  DEBUD  DEBTS  DEBIT  DEBES  DEBEL  DEBBY  DEBAR  DEBAG  
DEAWY  DEAWS  DEAVE  DEATH  DEASH  DEARY  DEARS  DEARN  DEARE  DEANS  
DEALT  DEALS  DEAIR  DEADS  DAZER  DAZED  DAYNT  DAYCH  DAYAN  DAWKS  
DAWEN  DAWED  DAWAH  DAVIT  DAVEN  DAUNT  DAULT  DAUDS  DAUBE  DATUM  
DATTO  DATOS  DATER  DATED  DATAL  DASHY  DASHI  DARZI  DARRE  DARKY  
DARIC  DARGA  DARER  DARED  DARCY  DARAF  DANNY  DANKS  DANIO  DANDY  
DANCE  DAMPY  DAMPS  DAMNS  DAMME  DAMAR  DALTS  DALLY  DALLE  DALIS  
DALES  DALED  DAKER  DAISY  DAIRY  DAINT  DAINE  DAILY  DAGOS  DAGGY  
DAGGA  DAFFY  DAFFS  DADOS  DADDY  DADAH  DACHA  DABBA  CZARS  CYTON  
CYSTS  CYNIC  CYMOL  CYMAS  CYMAR  CYMAE  CYLIX  CYDER  CYCLO  CYCLE  
CYCAS  CYCAD  CYBER  CYANO  CWTCH  CUVEE  CUTUP  CUTTY  CUTTO  CUTIS  
CUTIN  CUTIE  CUTEY  CUTER  CUTCH  CUSSO  CUSPS  CUSKS  CUSHY  CUSEC  
CURVY  CURVE  CURST  CURSI  CURSE  CURRY  CURRS  CURNY  CURNS  CURLY  
CURLS  CURLI  CURIO  CURIE  CURIA  CURET  CURES  CURER  CURED  CURDY  
CURDS  CURCH  CURBS  CURAT  CUPPA  CUPID  CUPEL  CUNTS  CUNEI  CUNDY  
CUMIN  CUMEC  CULTY  CULTS  CULTI  CULPA  CULLY  CULLS  CULEX  CULET  
CULCH  CUITS  CUISH  CUING  CUIFS  CUFFO  CUDDY  CUBIT  CUBIC  CUBED  
CUBEB  CUBBY  CTENE  CRYPT  CRWTH  CRUVE  CRUSY  CRUST  CRUSH  CRUSE  
CRURA  CRUOR  CRUMP  CRUMB  CRUET  CRUES  CRUEL  CRUDY  CRUDS  CRUDE  
CRUCK  CROWS  CROWN  CROUT  CROUP  CROST  CROSS  CRORE  CROPS  CROON  
CROOL  CROOK  CRONY  CRONK  CRONE  CROME  CROMB  CROFT  CROCK  CROCI  
CROAK  CRITS  CRITH  CRISP  CRISE  CRIPE  CRIOS  CRINE  CRIMS  CRIMP  
CRIME  CRIES  CRIER  CRIED  CRICK  CRIBS  CREST  CRESS  CREPY  CREPT  
CREPE  CRENA  CREME  CREES  CREEP  CREEL  CREEK  CREED  CREDS  CREDO  
CREAM  CREAK  CRAZY  CRAWL  CRASS  CRASH  CRARE  CRAPY  CRAPS  CRANS  
CRANK  CRANE  CRAMS  CRAMP  CRAME  CRAKE  CRAIG  CRAIC  CRAGS  CRAFT  
CRACK  CRABS  CRAAL  COZIE  COYPU  COYLY  COXAE  COWRY  COWLS  COWKS  
COWAN  COVIN  COVEY  COVET  COVEN  COUTH  COURT  COURS  COURE  COURD  
COURB  COUPS  COUPE  COUNT  COULD  COUGH  COUDE  COUCH  COTTS  COTTA  
COTHS  COTES  COTAN  COSTS  COSTE  COSTA  COSIE  COSEY  COSET  COSES  
COSED  COSEC  CORSO  CORSE  CORNY  CORNU  CORNS  CORNO  CORNI  CORKY  
CORIA  CORGI  COREY  CORES  CORER  CORED  CORDS  CORBY  CORBE  CORAM  
CORAL  COPSY  COPSE  COPRA  COPPY  COPES  COPER  COPEN  COPAY  COPAL  
COOZE  COOST  COOPT  COOPS  COONS  COOMB  COOLY  COOLS  COOKY  COOEY  
COOER  COOEE  COOED  COOCH  CONVO  CONTO  CONTE  CONNS  CONNE  CONKY  
CONKS  CONIN  CONIC  CONGO  CONGE  CONGA  CONFS  CONEY  CONED  CONDO  
CONCH  COMTE  COMPT  COMPS  COMPO  COMMY  COMMS  COMMO  COMMA  COMIX  
COMIC  COMET  COMES  COMER  COMBY  COMBO  COMBI  COMBE  COMAS  COMAL  
COMAE  COLZA  COLTS  COLOR  COLON  COLOG  COLLY  COLLS  COLIN  COLIC  
COLEY  COLES  COLED  COLDS  COLBY  COLAS  COKED  COIRS  COINS  COIGN  
COHOS  COHOG  COHOE  COHAB  COGUE  COGON  COGIE  COFFS  COEDS  CODON  
CODEX  CODES  CODER  CODEN  CODED  CODEC  CODAS  COCOA  COCKY  COCKS  
COCCO  COCCI  COCAS  COBRA  COBLE  COBIA  COBBY  COATS  COATI  COATE  
COAST  COARB  COAPT  COALY  COALS  COALA  COACT  COACH  CNIDA  CLYPE  
CLUNK  CLUNG  CLUMP  CLUED  CLUCK  CLUBS  CLOVE  CLOUT  CLOUR  CLOTH  
CLOTE  CLOSE  CLOPS  CLOOT  CLOOP  CLONS  CLONK  CLONE  CLOMP  CLOKE  
CLOGS  CLOFF  CLODS  CLOCK  CLOAM  CLOAK  CLIPT  CLIPS  CLIPE  CLINT  
CLINK  CLING  CLINE  CLIME  CLIMB  CLIFT  CLIFF  CLIES  CLIED  CLICK  
CLEVE  CLERK  CLEPT  CLEPE  CLEMS  CLEIK  CLEGS  CLEFT  CLEFS  CLEEP  
CLEEK  CLECK  CLEAT  CLEAR  CLEAN  CLAVI  CLAUT  CLATS  CLAST  CLASS  
CLASP  CLASH  CLARY  CLART  CLARO  CLAPT  CLAPS  CLANS  CLANK  CLANG  
CLAMS  CLAMP  CLAME  CLAIM  CLAES  CLADE  CLACK  CLACH  CIVVY  CIVIL  
CIVIE  CIVIC  CIVET  CITAL  CISTS  CISSY  CISCO  CIRRI  CIRLS  CIRES  
CIRCA  CIPPI  CIONS  CINES  CINCT  CINCH  CIMEX  CIMAR  CILLS  CILIA  
CIGGY  CIGAR  CIELS  CIDES  CIDER  CIDED  CIBOL  CIAOS  CHYND  CHYME  
CHYLE  CHUTE  CHUSE  CHURR  CHURN  CHURL  CHUNK  CHUMS  CHUMP  CHUGS  
CHUFF  CHUFA  CHUCK  CHUBS  CHOWK  CHOUX  CHOUT  CHOTT  CHOTA  CHOSE  
CHORE  CHORD  CHOPS  CHOOM  CHOOK  CHOOF  CHONS  CHOMP  CHOLO  CHOLI  
CHOLA  CHOKY  CHOKO  CHOKE  CHOIR  CHOGS  CHODE  CHOCS  CHOCO  CHOCK  
CHIZZ  CHIVY  CHITS  CHIRU  CHIRT  CHIRR  CHIRO  CHIRM  CHIRL  CHIRK  
CHIPS  CHINO  CHINK  CHINE  CHINA  CHIMP  CHIMO  CHIME  CHIMB  CHILL  
CHILI  CHILE  CHILD  CHIKS  CHIEL  CHIEF  CHIDE  CHICS  CHICO  CHICK  
CHICH  CHICA  CHIBS  CHIAS  CHIAO  CHEWY  CHEWS  CHEVY  CHETH  CHEST  
CHESS  CHERT  CHERE  CHEMO  CHELP  CHELA  CHEKA  CHEFS  CHEER  CHEEP  
CHEEK  CHECK  CHEAT  CHEAP  CHAYS  CHAYA  CHAWK  CHAVE  CHASM  CHASE  
CHART  CHARR  CHARK  CHARE  CHARD  CHARA  CHAPT  CHAPS  CHAOS  CHANT  
CHANK  CHANG  CHAMS  CHAMP  CHALS  CHALK  CHAIR  CHAIN  CHAFT  CHAFF  
CHAFE  CHADS  CHADO  CHACO  CHACK  CHACE  CETYL  CETES  CESTI  CESTA  
CESSE  CERTS  CEROS  CERNE  CERIC  CERIA  CERGE  CERES  CERED  CERCI  
CEORL  CENTU  CENTS  CENTO  CENSE  CELTS  CELOM  CELLS  CELLO  CELLI  
CELLA  CELEB  CEILS  CEILI  CEIBA  CEDIS  CEDES  CEDER  CEDED  CEDAR  
CECUM  CECAL  CEBID  CEAZE  CEASE  CAXON  CAWKS  CAWED  CAVIL  CAVIE  
CAVES  CAVEL  CAVAS  CAUSE  CAUSA  CAUMS  CAULK  CAULD  CAUKS  CAUDA  
CATTY  CATER  CATCH  CASUS  CASTS  CASTE  CASKY  CASKS  CASES  CASED  
CASCO  CASAS  CARVY  CARVE  CARTS  CARTE  CARTA  CARSE  CARRY  CARRS  
CARPI  CAROM  CAROL  CAROB  CARNY  CARNS  CARLS  CARLE  CARGO  CAREX  
CARET  CARES  CARER  CARED  CARDY  CARDI  CARBY  CARBO  CARAT  CARAP  
CAPUT  CAPUL  CAPOT  CAPOS  CAPON  CAPIZ  CAPER  CAPAS  CANTY  CANTS  
CANTO  CANST  CANSO  CANON  CANOE  CANNY  CANNS  CANNA  CANID  CANEH  
CANDY  CANAL  CAMUS  CAMPY  CAMPS  CAMPO  CAMPI  CAMOS  CAMIS  CAMES  
CAMEO  CAMEL  CAMAS  CAMAN  CALYX  CALVE  CALPS  CALPA  CALOS  CALMY  
CALMS  CALLS  CALLA  CALKS  CALIX  CALIF  CALID  CALFS  CAKEY  CAJUN  
CAJON  CAIRN  CAIRD  CAHOW  CAGOT  CAGER  CAESE  CAECA  CADRE  CADIE  
CADGY  CADGE  CADET  CADES  CADEE  CADDY  CACTI  CACHE  CACAO  CABRE  
CABOC  CABOB  CABLE  CABIN  CABER  CABBY  CABAS  CABAL  BYWAY  BYSSI  
BYRLS  BYRES  BYLAW  BYKED  BYDES  BYDED  BWAZI  BWANA  BUZZY  BUXOM  
BUTYL  BUTUT  BUTTY  BUTTS  BUTTE  BUTLE  BUTEO  BUTCH  BUSTY  BUSTS  
BUSTI  BUSSU  BUSKY  BUSKS  BUSHY  BUSES  BUSED  BUSBY  BURST  BURSE  
BURSA  BURRY  BURRS  BURRO  BURQA  BUROO  BURNT  BURLY  BURKE  BURKA  
BURIN  BURGH  BURET  BURDS  BURBS  BURAS  BURAN  BUPPY  BUOYS  BUNYA  
BUNTY  BUNTS  BUNNY  BUNKS  BUNKO  BUNJY  BUNJE  BUNIA  BUNGY  BUNGS  
BUNDY  BUNDU  BUNDT  BUNDH  BUNDE  BUNCO  BUNCH  BUNCE  BUNAS  BUMPY  
BUMPH  BUMFS  BUMBO  BULSE  BULLY  BULLS  BULLA  BULKY  BULKS  BULGY  
BULGE  BULBS  BUIST  BUILT  BUILD  BUIKS  BUHRS  BUHLS  BUGLE  BUGGY  
BUFOS  BUFFY  BUFFS  BUFFO  BUFFI  BUFFE  BUFFA  BUDOS  BUDIS  BUDGE  
BUDDY  BUDAS  BUCKU  BUCKS  BUCKO  BUCHU  BUBBA  BUBAS  BUBAL  BUAZE  
BUATS  BRUTS  BRUTE  BRUST  BRUSK  BRUSH  BRUNT  BRUNG  BRUME  BRULE  
BRUIT  BRUIN  BRUGH  BROWN  BROTH  BROSY  BROSE  BROOS  BROOL  BROOK  
BROOD  BROND  BRONC  BROMO  BROKE  BROIL  BROGS  BROGH  BRODS  BROCK  
BROCH  BROAD  BRITT  BRITS  BRITH  BRISS  BRISK  BRISE  BRIOS  BRINY  
BRINK  BRING  BRINE  BRIMS  BRILL  BRIKS  BRIGS  BRIES  BRIER  BRIEF  
BRIDE  BRICK  BRIBE  BRIAR  BREVE  BRERS  BRERE  BRENT  BREME  BREIS  
BREID  BREES  BREER  BREEM  BREED  BREDS  BREDE  BREAM  BREAK  BREAD  
BRAZA  BRAXY  BRAWN  BRAWL  BRAVO  BRAVI  BRAVA  BRATS  BRAST  BRASS  
BRASH  BRANT  BRANK  BRAND  BRAME  BRAKY  BRAKS  BRAKE  BRAIN  BRAIL  
BRAID  BRAGS  BRAES  BRADS  BRACT  BRACK  BRACH  BRACE  BRAAI  BOYSY  
BOYLA  BOYAU  BOYAR  BOWSE  BOWRS  BOWNE  BOWLS  BOWIE  BOWET  BOWER  
BOWEL  BOWAT  BOVID  BOUTS  BOUSY  BOUSE  BOURN  BOURG  BOURD  BOUNS  
BOUND  BOULT  BOULE  BOUKS  BOUGH  BOUGE  BOTTY  BOTTS  BOTTE  BOTHY  
BOTEL  BOTCH  BOTAS  BOSUN  BOSSY  BOSON  BOSOM  BOSKY  BOSKS  BORTZ  
BORTY  BORTS  BORON  BORNE  BORNA  BORKS  BORIC  BORGO  BORES  BORER  
BOREL  BOREE  BORED  BORDS  BORAX  BORAS  BORAL  BORAK  BOOZE  BOOTY  
BOOTS  BOOTH  BOOST  BOOSE  BOORD  BOONS  BOONG  BOOLS  BOOKS  BOOGY  
BOOFY  BOOED  BOODY  BOOBY  BOOBS  BONZE  BONZA  BONNE  BONKS  BONIE  
BONGO  BONEY  BONES  BONER  BONDS  BONCE  BOMBO  BOMBE  BOMAS  BOLUS  
BOLTS  BOLOS  BOLLS  BOLIX  BOLES  BOLDS  BOLAS  BOLAR  BOKOS  BOKES  
BOITE  BOINK  BOING  BOILS  BOHOS  BOHEA  BOGLE  BOGIE  BOGGY  BOGEY  
BOGAN  BOFFS  BOFFO  BOEUF  BOETS  BOEPS  BODLE  BODGE  BODED  BOCKS  
BOCHE  BOCCI  BOCCE  BOCCA  BOBOL  BOBAK  BOBAC  BOAST  BOART  BOARS  
BOARD  BOAKS  BOABS  BLYPE  BLUSH  BLURT  BLURS  BLURB  BLUNT  BLUNK  
BLUME  BLUID  BLUFF  BLUEY  BLUET  BLUES  BLUER  BLUED  BLUDY  BLUDE  
BLUBS  BLOWY  BLOWN  BLOTS  BLORE  BLOOP  BLOOM  BLOOD  BLOND  BLOKE  
BLOGS  BLOCS  BLOCK  BLOBS  BLOAT  BLIVE  BLITZ  BLITE  BLIST  BLISS  
BLIPS  BLINY  BLINS  BLINK  BLINI  BLING  BLIND  BLIMY  BLIMP  BLEYS  
BLETS  BLEST  BLESS  BLERT  BLENT  BLEND  BLEES  BLEEP  BLEED  BLEBS  
BLEAT  BLEAR  BLEAK  BLAWN  BLAUD  BLATT  BLATS  BLATE  BLAST  BLASH  
BLASE  BLART  BLARE  BLANK  BLAND  BLAMS  BLAME  BLAIN  BLAFF  BLAES  
BLAER  BLADY  BLADS  BLADE  BLACK  BLABS  BIZZO  BIVIA  BITTY  BITTS  
BITTE  BITSY  BITOU  BITOS  BITCH  BISON  BISKS  BISES  BIRTH  BIRSY  
BIRSE  BIRRS  BIROS  BIRLS  BIRLE  BIRKS  BIRDS  BIRCH  BIPOD  BIOTA  
BIONT  BIOME  BIOGS  BINTS  BINKS  BINIT  BINGY  BINGO  BINGE  BINES  
BINDS  BINDI  BINAL  BIMBO  BIMAS  BIMAH  BILLY  BILLS  BILKS  BILGY  
BILGE  BILES  BILED  BILBY  BILBO  BIKIE  BIKED  BIJOU  BIGOT  BIGOS  
BIGLY  BIGHT  BIGHA  BIGGY  BIGGS  BIGAE  BIFID  BIFFY  BIFFS  BIFFO  
BIERS  BIELD  BIDON  BIDIS  BIDET  BIDES  BIDER  BIDED  BIDDY  BICEP  
BICCY  BIBLE  BIALY  BIALI  BHUTS  BHUNA  BHOOT  BHELS  BHANG  BHAJI  
BEZIL  BEZEL  BEWIG  BEWET  BEVVY  BEVUE  BEVOR  BEVER  BEVEL  BETTY  
BETTA  BETON  BETID  BETHS  BETES  BETEL  BETAS  BESTS  BESTI  BESOT  
BESOM  BESIT  BESET  BESES  BESEE  BESAW  BESAT  BERYL  BERTH  BERRY  
BEROB  BERMS  BERME  BERKS  BERKO  BERGS  BERET  BERES  BERAY  BEPAT  
BENTY  BENTS  BENTO  BENNY  BENNI  BENNE  BENIS  BENET  BENDY  BENDS  
BENCH  BEMUD  BEMIX  BEMAS  BEMAD  BELTS  BELOW  BELON  BELLY  BELLS  
BELLE  BELIE  BELGA  BELEE  BELCH  BELAY  BELAR  BELAH  BEKAH  BEING  
BEIGY  BEIGE  BEGUN  BEGUM  BEGOT  BEGIN  BEGET  BEGEM  BEGAT  BEGAR  
BEGAN  BEGAD  BEFOG  BEFIT  BEETS  BEERY  BEERS  BEEPS  BEEFY  BEEDI  
BEECH  BEDYE  BEDIM  BEDEW  BEDES  BEDEL  BEDAD  BECKS  BECKE  BECAP  
BEBOP  BEAUX  BEAUT  BEATY  BEATS  BEATH  BEAST  BEARS  BEARE  BEARD  
BEANY  BEANS  BEANO  BEAMY  BEAMS  BEAKY  BEAKS  BEADY  BEADS  BEACH  
BAZOO  BAZAR  BAYOU  BAYLE  BAWTY  BAWNS  BAWLS  BAWDY  BAVIN  BAURS  
BAULK  BATTY  BATTU  BATTS  BATTA  BATON  BATIK  BATHS  BATHE  BATES  
BATED  BASTS  BASTO  BASTI  BASTE  BASTA  BASSY  BASSO  BASSI  BASSE  
BASON  BASKS  BASIS  BASIN  BASIL  BASIC  BASHO  BASES  BASER  BASED  
BASAN  BASAL  BARRY  BARRO  BARRE  BARRA  BARPS  BARON  BARNS  BARMS  
BARKY  BARIC  BARGE  BARES  BARER  BARED  BARDY  BARDS  BARDO  BARDE  
BARCA  BARBY  BARBE  BANTY  BANTU  BANNS  BANKS  BANJO  BANES  BANDY  
BANDH  BANCS  BANCO  BANAL  BANAK  BAMBI  BALUN  BALTI  BALSA  BALOO  
BALMY  BALMS  BALLY  BALLS  BALKY  BALKS  BALES  BALER  BALDY  BALDS  
BAKRA  BAKEN  BAJRI  BAJRA  BAJAN  BAIZE  BAIZA  BAITH  BAIRN  BAILS  
BAHUT  BAHTS  BAGIE  BAGGY  BAGEL  BAFTS  BAFFY  BAELS  BADLY  BADGE  
BADDY  BACON  BACKS  BACHA  BACCY  BACCO  BACCA  BABUS  BABUL  BABOO  
BABKA  BABEL  BAALS  BAAED  AZYMS  AZYME  AZYGY  AZURY  AZURN  AZURE  
AZUKI  AZOTH  AZOTE  AZONS  AZOLE  AZOIC  AZLON  AZINE  AZIDO  AZIDE  
AYRIE  AYINS  AYELP  AYAHS  AXONS  AXOID  AXMEN  AXLED  AXITE  AXION  
AXIOM  AXILS  AXILE  AXIAL  AXELS  AWORK  AWOLS  AWNER  AWMRY  AWFUL  
AWETO  AWEEL  AWDLS  AWAYS  AWAVE  AWATO  AWASH  AWARN  AWARE  AWARD  
AWAKE  AWAIT  AVYZE  AVOID  AVIZE  AVISO  AVISE  AVION  AVINE  AVIAN  
AVERT  AVENS  AVELS  AVAST  AVANT  AVALE  AVAIL  AUTOS  AURUM  AURIS  
AURIC  AUREI  AURAS  AURAR  AURAL  AURAE  AUNTY  AUNTS  AUMIL  AULOS  
AULOI  AULIC  AULAS  AUGUR  AUGHT  AUDIT  AUDIO  AUDAD  ATUAS  ATTIC  
ATTAR  ATTAP  ATRIP  ATRIA  ATOPY  ATONY  ATONE  ATOMY  ATOMS  ATOLL  
ATOKS  ATOKE  ATOCS  ATMAS  ATMAN  ATLAS  ATIMY  ATILT  ATIGI  ATAXY  
ASYLA  ASWIM  ASWAY  ASTUN  ASTIR  ASTER  ASSOT  ASSEZ  ASSET  ASSES  
ASSAY  ASSAM  ASSAI  ASPRO  ASPIS  ASPIC  ASPER  ASPEN  ASKOS  ASKOI  
ASKEW  ASKER  ASKED  ASIDE  ASHET  ASHES  ASHEN  ASHED  ASDIC  ASCUS  
ASCOT  ASANA  ARYLS  ARVAL  ARUMS  ARUHE  ARTSY  ARTIS  ARTIC  ARTEL  
ARTAL  ARSON  ARSIS  ARSEY  ARSES  ARSED  ARROW  ARRIS  ARRET  ARRAY  
ARRAS  ARRAH  ARPEN  AROSE  AROMA  AROID  AROHA  AROBA  ARNUT  ARNAS  
ARMOR  ARMIL  ARMET  ARMER  ARMED  ARLES  ARLED  ARKED  ARISH  ARISE  
ARIOT  ARILS  ARIKI  ARIEL  ARIAS  ARHAT  ARGUS  ARGUE  ARGOT  ARGON  
ARGOL  ARGLE  ARGIL  ARGAN  ARGAL  ARETT  ARETS  ARETE  ARERE  AREPA  
ARENE  ARENA  AREIC  AREFY  AREDE  AREDD  ARECA  AREAS  AREAR  AREAL  
AREAE  AREAD  ARDRI  ARDOR  ARDEB  ARCUS  ARCED  ARBOR  ARBAS  ARARS  
ARAME  ARAKS  ARABA  AQUAS  AQUAE  APTLY  APTED  APSOS  APSIS  APSES  
APRON  APPUY  APPUI  APPRO  APPLY  APPLE  APPEL  APPAY  APPAL  APORT  
APOOP  APODS  APODE  APNEA  APISM  APISH  APIOL  APIAN  APHIS  APHID  
APGAR  APERY  APERT  APERS  APEEK  APEAK  APAYS  APAYD  APART  APAID  
APAGE  AORTA  ANYON  ANVIL  ANTSY  ANTRE  ANTRA  ANTIS  ANTIC  ANTED  
ANTAR  ANTAE  ANSAE  ANOMY  ANOLE  ANODE  ANOAS  ANNUL  ANNOY  ANNEX  
ANNAT  ANNAS  ANNAL  ANLAS  ANKUS  ANKHS  ANKER  ANISE  ANION  ANIMI  
ANIME  ANIMA  ANILS  ANILE  ANIGH  ANGST  ANGRY  ANGLO  ANGLE  ANGER  
ANGEL  ANGAS  ANENT  ANELE  ANEAR  ANDRO  ANCON  ANCLE  ANCHO  ANATA  
ANANA  AMYLS  AMUSE  AMUCK  AMRIT  AMPUL  AMPLY  AMPLE  AMOWT  AMOVE  
AMOUR  AMORT  AMONG  AMOLE  AMOKS  AMNIO  AMNIC  AMNIA  AMMOS  AMMON  
AMMAN  AMLAS  AMITY  AMISS  AMIRS  AMINS  AMINO  AMINE  AMIGO  AMIGA  
AMIDS  AMIDO  AMIDE  AMICI  AMICE  AMIAS  AMENT  AMENS  AMENE  AMEND  
AMEER  AMEBA  AMBRY  AMBOS  AMBLE  AMBIT  AMBER  AMBAN  AMAZE  AMAUT  
AMATE  AMASS  AMAIN  AMAHS  ALWAY  ALURE  ALUMS  ALULA  ALTOS  ALTHO  
ALTER  ALTAR  ALPHA  ALOWE  ALOUD  ALOOF  ALONG  ALONE  ALOIN  ALOHA  
ALOFT  ALOES  ALOED  ALODS  ALMUG  ALMUD  ALMES  ALMEH  ALMAS  ALMAH  
ALLYL  ALLOY  ALLOW  ALLOT  ALLOD  ALLIS  ALLEY  ALLEL  ALLEE  ALLAY  
ALKYL  ALKYD  ALKOS  ALKIE  ALIYA  ALIVE  ALIST  ALINE  ALIKE  ALIGN  
ALIFS  ALIEN  ALIBI  ALIAS  ALGUM  ALGOR  ALGIN  ALGID  ALGAL  ALGAE  
ALFAS  ALEYE  ALEWS  ALERT  ALEPH  ALEFT  ALEFS  ALECS  ALECK  ALDOL  
ALDER  ALDEA  ALCOS  ALCID  ALBUM  ALBEE  ALBAS  ALAYS  ALATE  ALARY  
ALARM  ALAPS  ALAPA  ALANT  ALANS  ALANG  ALANE  ALAND  ALAMO  ALACK  
ALAAP  AKITA  AKING  AKENE  AKELA  AKEES  AJWAN  AJUGA  AJIVA  AIZLE  
AIVER  AITUS  AITCH  AISLE  AIRTS  AIRTH  AIRNS  AIRER  AIRED  AIOLI  
AINGA  AINEE  AIMER  AIMED  AILED  AIGAS  AIERY  AIDOS  AIDOI  AIDES  
AIDER  AIDED  AHURU  AHULL  AHOLD  AHINT  AHING  AHIND  AHIGH  AHENT  
AHEAP  AHEAD  AGUTI  AGRIN  AGRIA  AGREE  AGORA  AGOOD  AGONY  AGONS  
AGONE  AGMAS  AGLUS  AGLOW  AGLOO  AGLEY  AGLET  AGLEE  AGITA  AGIST  
AGISM  AGIOS  AGING  AGILE  AGILA  AGGRY  AGGRO  AGGRI  AGGIE  AGGER  
AGERS  AGENT  AGENE  AGAVE  AGATE  AGAST  AGARS  AGAPE  AGAMI  AGAMA  
AGAIN  AFTER  AFROS  AFRIT  AFOUL  AFORE  AFOOT  AFLAJ  AFIRE  AFFIX  
AFEAR  AFARS  AFARA  AFALD  AESIR  AEROS  AERIE  AEONS  AEGIS  AEDES  
AECIA  ADZES  ADZED  ADYTA  ADVEW  ADUST  ADUNC  ADULT  ADUKI  ADSUM  
ADRED  ADRAD  ADOZE  ADOWN  ADORN  ADORE  ADOPT  ADOBO  ADOBE  ADMIX  
ADMIT  ADMIN  ADMEN  ADMAN  ADITS  ADIOS  ADIEU  ADHAN  ADEPT  ADEEM  
ADDLE  ADDIO  ADDER  ADDED  ADDAX  ADAYS  ADAWS  ADAPT  ADAGE  ACYLS  
ACUTE  ACTOR  ACTON  ACTIN  ACTED  ACRID  ACRES  ACRED  ACORN  ACOLD  
ACOCK  ACNED  ACMIC  ACKEE  ACINI  ACING  ACIDY  ACIDS  ACHOO  ACHES  
ACHED  ACETA  ACERS  ACERB  ACCOY  ACARI  ACAIS  ABYSS  ABYSM  ABUZZ  
ABUTS  ABUSE  ABUNE  ABUNA  ABSIT  ABSEY  ABRIS  ABRIN  ABRIM  ABRAY  
ABRAM  ABOVE  ABOUT  ABORT  ABORE  ABORD  ABOON  ABOMA  ABOIL  ABOHM  
ABODE  ABMHO  ABLOW  ABLET  ABLES  ABLER  ABLED  ABIDE  ABHOR  ABETS  
ABELE  ABEAR  ABEAM  ABCEE  ABBOT  ABBEY  ABBES  ABBED  ABBAS  ABAYA  
ABATE  ABASK  ABASH  ABASE  ABAND  ABAMP  ABAKA  ABAFT  ABACS  ABACK  
ABACI  ABACA  AARTI  AARGH  AALII  AAHED  