ZYMIC  ZYMES  ZYGON  ZYGAL  ZUZIM  ZURFS  ZUPAS  ZUPAN  ZULUS  ZOWIE  
ZORRO  ZORIL  ZOPPO  ZOPPA  ZOOTY  ZOOID  ZOOEY  ZOOEA  ZONDA  ZONAL  
ZONAE  ZOMBI  ZOISM  ZOEAS  ZOEAL  ZOEAE  ZOCCO  ZOBUS  ZOAEA  ZLOTY  
ZLOTE  ZIZIT  ZIZEL  ZITIS  ZIRAM  ZIPPY  ZIPPO  ZINKE  ZINEB  ZINCY  
ZINCS  ZINCO  ZIMBS  ZIMBI  ZILLA  ZILCH  ZILAS  ZIGAN  ZIBET  ZHOMO  
ZESTY  ZERDA  ZEINS  ZEBUS  ZEBUB  ZEBRA  ZEBEC  ZAZEN  ZAYIN  ZATIS  
ZAPPY  ZANZE  ZANZA  ZANTE  ZANJA  ZAMIA  ZAMBO  ZAMAN  ZAKAT  ZAIRE  
ZABRA  YURTS  YURTA  YUPON  YUMMY  YUMMO  YULES  YULAN  YUKKY  YUKES  
YUKED  YUGAS  YUFTS  YUCKO  YUCCH  YUCAS  YUANS  YTOST  YSAME  YRNEH  
YRIVD  YRAPT  YOUTH  YOURT  YOURN  YOUNG  YOOFS  YONIS  YONIC  YOMPS  
YOMIM  YOLKY  YOKUL  YOKER  YOKEL  YOICK  YOGIS  YOGIN  YOGIC  YOGHS  
YOGEE  YOGAS  YODLE  YODHS  YODEL  YOBBO  YMPES  YMOLT  YLKES  YLIKE  
YLEMS  YITIE  YITES  YIRTH  YIRDS  YIPES  YINCE  YIELD  YFERE  YEXES  
YEXED  YEWEN  YEVES  YEVEN  YEUKY  YEUKS  YETTS  YETIS  YESKS  YERDS  
YERBA  YENTE  YENTA  YELPS  YELMS  YELKS  YEGGS  YECHY  YECHS  YECCH  
YEARN  YEARD  YEALM  YEAHS  YEADS  YDRED  YDRAD  YCOND  YCLED  YCLAD  
YBORE  YAWPS  YAWNY  YAWLS  YAWEY  YAUPS  YAULD  YARTO  YARTA  YARFA  
YARER  YARCO  YAPPY  YAPPS  YAPON  YAPOK  YAMUN  YAMEN  YAKOW  YAKKA  
YAIRD  YAHOO  YACKA  YACHT  YACCA  YABBY  YABBA  YAARS  XYSTS  XYSTI  
XYLYL  XYLOL  XYLIC  XYLEM  XYLAN  XOANA  XEROX  XERIC  XENON  XENIC  
XENIA  XEBEC  WYTED  WYNNS  WYNDS  WYLED  WUXIA  WUSHU  WUDUS  WRYLY  
WRYER  WRUNG  WROTH  WROTE  WROOT  WRONG  WROKE  WRITE  WRIST  WRING  
WRICK  WREST  WRENS  WRECK  WRAWL  WRATH  WRAST  WRAPT  WRANG  WRACK  
WOWEE  WOVEN  WOULD  WORTH  WORST  WORRY  WORMY  WORLD  WORDY  WOOTZ  
WOOSH  WOOSE  WOOPS  WOOLY  WOOLS  WOOLD  WOOFY  WOOED  WONKY  WONGI  
WONGA  WOMYN  WOMEN  WOMBY  WOMBS  WOMAN  WOLVE  WOLFS  WOKKA  WOKEN  
WOFUL  WOALD  WIZEN  WITTY  WITHY  WITHS  WITHE  WITED  WITAN  WISPY  
WISPS  WISHT  WISHA  WISER  WISED  WIRRA  WIRER  WIPES  WIPER  WIPED  
WINZE  WINNS  WINNA  WINEY  WINDY  WINCE  WIMPY  WIMPS  WILJA  WILIS  
WILGA  WILED  WILDS  WILCO  WIGGA  WIGAN  WIFTY  WIFEY  WIELS  WIELD  
WIDTH  WIDOW  WIDER  WIDEN  WICCA  WHUPS  WHUMP  WHOSO  WHOSE  WHORT  
WHORL  WHORE  WHOPS  WHOOT  WHOOP  WHOOF  WHOMP  WHOLE  WHIZZ  WHITY  
WHITS  WHITE  WHIST  WHISK  WHISH  WHIRS  WHIRR  WHIRL  WHIPT  WHIPS  
WHINY  WHINS  WHINE  WHIMS  WHILK  WHILE  WHIGS  WHIFT  WHIFF  WHIDS  
WHICH  WHEYS  WHEWS  WHETS  WHERE  WHENS  WHELP  WHELM  WHELK  WHEFT  
WHEEP  WHEEN  WHEEL  WHEAT  WHEAR  WHEAL  WHAUR  WHAUP  WHATA  WHARF  
WHARE  WHAPS  WHANG  WHAMS  WHAMO  WHALE  WHACK  WEXED  WETLY  WETAS  
WERSH  WEROS  WENGE  WENCH  WEMBS  WELSH  WELLS  WELKT  WELKS  WELKE  
WELCH  WEKAS  WEIZE  WEISE  WEIRS  WEIRD  WEILS  WEIGH  WEIDS  WEFTS  
WEFTE  WEETE  WEEST  WEEPY  WEENY  WEENS  WEEMS  WEEKS  WEEKE  WEEDY  
WEDGY  WEDGE  WEDEL  WECHT  WEBER  WEBBY  WEAVE  WEARY  WEAMB  WEALD  
WAZOO  WAZIR  WAXEN  WAWLS  WAVEY  WAVER  WAURS  WAULS  WAULK  WAUKS  
WAUGH  WAUFF  WATTS  WATAP  WASTE  WASPY  WASPS  WASMS  WASHY  WARTY  
WARST  WAREZ  WARBY  WARBS  WAQFS  WANZE  WANTS  WANNA  WANLY  WANKY  
WANKS  WANEY  WAMUS  WAMED  WALTZ  WALTY  WALLA  WALKS  WALIS  WALDO  
WAKFS  WAKES  WAKEN  WAKED  WAKAS  WAIVE  WAITS  WAITE  WAIST  WAIFT  
WAIFS  WAIDE  WAHOO  WAGON  WAGGA  WAGES  WAGED  WAFTS  WADTS  WADES  
WADER  WADDS  WACKY  WACKS  WACKO  WACKE  WAACS  VYING  VULVA  VULGO  
VUGHY  VUGHS  VUGGS  VROUS  VRILS  VRAIC  VOZHD  VOXEL  VOWEL  VOULU  
VOUGE  VOUCH  VOTER  VOMIT  VOLVE  VOLVA  VOLTI  VOLTE  VOLTA  VOLET  
VOLAR  VOLAE  VOILE  VOILA  VOIDS  VOICE  VOGUE  VOEMA  VODUN  VODOU  
VODKA  VOCES  VOCAL  VOCAB  VOARS  VLIES  VLEIS  VIZOR  VIZIR  VIXEN  
VIVID  VIVDA  VIVAT  VIVAS  VITTA  VITEX  VITAL  VITAE  VISTO  VISTA  
VISOR  VISON  VISNE  VISIT  VISIE  VISED  VISAS  VIRUS  VIRTU  VIRID  
VIRGE  VIRGA  VIRES  VIREO  VIRED  VIRAL  VIPER  VIOLS  VIOLD  VIOLA  
VINYL  VINIC  VINEW  VINER  VINCA  VINAS  VINAL  VIMEN  VILLI  VILLA  
VILER  VILDE  VIGOR  VIGIL  VIGIA  VIGAS  VIFDA  VIEWY  VIEWS  VIDEO  
VICES  VICED  VICAR  VIBEY  VIBEX  VIBES  VIAND  VIALS  VEZIR  VEXIL  
VETCH  VESTA  VESPA  VERVE  VERTU  VERTS  VERST  VERSO  VERSE  VERRA  
VERGE  VENUS  VENUE  VENOM  VENIN  VENGE  VENEY  VENAL  VENAE  VELUM  
VELDT  VELDS  VEINY  VEINS  VEILY  VEHME  VEGOS  VEGIE  VEGAS  VEGAN  
VEERY  VEENA  VEALY  VEALE  VAWTE  VAUTE  VAUCH  VATUS  VATIC  VASAL  
VARVE  VARNA  VARIX  VARIA  VAREC  VARAN  VAPOR  VAPID  VANDA  VAMPY  
VAMPS  VALVE  VALUE  VALSE  VALOR  VALIS  VALID  VALET  VAKIL  VAIRY  
VAIRE  VAGUS  VAGUE  VAGAL  VADED  VACUA  UVULA  UVEAS  UVEAL  UTTER  
UTILE  UTERI  USURY  USURP  USURE  USUAL  USQUE  USNEA  USING  USHER  
USERS  USAGE  URVAS  URUBU  URSON  URSID  URSAE  URPED  URNED  URNAL  
URMAN  URITE  URINE  URIAL  URGES  URGER  URGED  URENA  UREIC  UREDO  
UREAS  UREAL  URDEE  URBIA  URBAN  URASE  URARI  URARE  URALI  URAEI  
UPTIE  UPTER  UPTAK  UPSEY  UPSET  UPSEE  UPRUN  UPRAN  UPPER  UPPED  
UPLIT  UPLED  UPLAY  UPJET  UPEND  UPDRY  UPDOS  UPBYE  UPBOW  UNZIP  
UNWON  UNWIT  UNWET  UNTIN  UNTIL  UNTIE  UNTAX  UNSOD  UNSEX  UNSEW  
UNSET  UNSAY  UNRIP  UNRIG  UNRID  UNRED  UNPIN  UNPEN  UNPEG  UNPAY  
UNMIX  UNMEW  UNMET  UNMAN  UNLIT  UNLID  UNLET  UNLED  UNLAY  UNLAW  
UNKID  UNKET  UNKED  UNJAM  UNITY  UNITS  UNITE  UNION  UNIFY  UNHIP  
UNHAT  UNGUM  UNGOT  UNGOD  UNGET  UNGAG  UNFIX  UNFIT  UNFED  UNETH  
UNDUG  UNDUE  UNDID  UNDER  UNDEE  UNDAM  UNCUT  UNCUS  UNCOY  UNCOS  
UNCLE  UNCIA  UNCES  UNCAP  UNBOX  UNBID  UNBED  UNBAR  UNBAN  UNBAG  
UNAUS  UNARY  UNARM  UNAPT  UNAIS  UMPTY  UMPIE  UMPED  UMIAQ  UMIAK  
UMIAC  UMBRE  UMBRA  UMBOS  UMBLE  UMBER  UMBEL  UMAMI  ULZIE  ULYIE  
ULVAS  ULTRA  ULPAN  ULNAS  ULNAR  ULNAE  ULNAD  ULMIN  ULEMA  ULCER  
ULAMA  UKASE  UHURU  UHLAN  UGGED  UGALI  UDONS  UDDER  UDALS  TZARS  
TYTHE  TYROS  TYRES  TYRED  TYRAN  TYPTO  TYPPS  TYPOS  TYPIC  TYPEY  
TYPES  TYPED  TYPAL  TYNES  TYNED  TYNDE  TYMPS  TYLER  TYKES  TYIYN  
TYING  TYERS  TYEES  TWYER  TWOER  TWIXT  TWITS  TWITE  TWIST  TWIRP  
TWIRL  TWIRE  TWINY  TWINS  TWINK  TWINE  TWILT  TWILL  TWIGS  TWIER  
TWICE  TWERP  TWEET  TWEER  TWEEN  TWEEL  TWEED  TWEAK  TWAYS  TWATS  
TWANK  TWANG  TWALS  TWAIN  TWAES  TUYER  TUXES  TUTUS  TUTTY  TUTTI  
TUTOR  TUTEE  TUSKY  TUSKS  TUSHY  TURMS  TURME  TURKS  TURFY  TURFS  
TURDS  TURBO  TUQUE  TUPLE  TUPIK  TUPEK  TUNNY  TUNIC  TUNGS  TUNES  
TUNER  TUNED  TUNDS  TUNAS  TUMPY  TUMPS  TUMOR  TUMMY  TUMID  TULPA  
TULLE  TULIP  TULES  TUKTU  TUISM  TUINA  TUGRA  TUFTY  TUFTS  TUFFS  
TUFFE  TUFAS  TUCKS  TUBES  TUBER  TUBED  TUBBY  TUBAS  TUBAR  TUBAL  
TUBAE  TUATH  TUART  TUANS  TSUBA  TSKED  TSARS  TSADI  TSADE  TRYST  
TRYPS  TRYMA  TRYKE  TRYER  TRUTH  TRUST  TRUSS  TRUNK  TRUMP  TRULY  
TRULL  TRUGS  TRUGO  TRUES  TRUER  TRUED  TRUCK  TRUCE  TROWS  TROVE  
TROUT  TROTH  TROPE  TROOZ  TROOP  TRONS  TRONK  TRONE  TRONC  TRONA  
TROMP  TROLL  TROKE  TROIS  TROGS  TRODS  TRODE  TROCK  TROAT  TROAK  
TROAD  TRIST  TRIPY  TRIPS  TRIOS  TRIOR  TRIOL  TRINS  TRINE  TRIMS  
TRILL  TRILD  TRIKE  TRIGS  TRIGO  TRIFF  TRIES  TRIER  TRIED  TRIDE  
TRICK  TRICE  TRIBE  TRIAL  TRIAD  TRIAC  TREYS  TREWS  TREST  TRESS  
TREND  TREMA  TREKS  TREIF  TREFA  TREES  TREEN  TREED  TRECK  TREAT  
TREAD  TRAWL  TRAVE  TRATT  TRASH  TRAPT  TRAPS  TRAPE  TRANT  TRANS  
TRANQ  TRANK  TRAMS  TRAMP  TRAIT  TRAIN  TRAIL  TRAIK  TRAGI  TRADS  
TRADE  TRACT  TRACK  TRACE  TRABS  TOZIE  TOYON  TOYER  TOXIN  TOXIC  
TOWZY  TOWZE  TOWSY  TOWSE  TOWNY  TOWNS  TOWIE  TOWEL  TOUZY  TOUZE  
TOUTS  TOUSY  TOUSE  TOURS  TOUNS  TOUKS  TOUGH  TOUCH  TOTEM  TOTAL  
TOSSY  TOSHY  TOSED  TOSAS  TORUS  TORTS  TORTE  TORTA  TORSO  TORSK  
TORSI  TORSE  TORRS  TOROT  TOROS  TORII  TORIC  TORES  TORCS  TORCH  
TORAS  TORAN  TORAH  TOQUE  TOPOI  TOPIS  TOPIC  TOPHI  TOPHE  TOPER  
TOPEK  TOPEE  TOPED  TOPAZ  TOOTS  TOOTH  TOONS  TOOMS  TOOLS  TONUS  
TONNE  TONKS  TONKA  TONIC  TONGS  TONGA  TONEY  TONES  TONER  TONED  
TONDO  TONDI  TONAL  TOMOS  TOMMY  TOMIA  TOMES  TOMBS  TOMAN  TOLYL  
TOLUS  TOLTS  TOLLS  TOLES  TOLED  TOLAS  TOLAR  TOLAN  TOKES  TOKER  
TOKEN  TOKED  TOKAY  TOITS  TOISE  TOING  TOILS  TOILE  TOHOS  TOGUE  
TOGES  TOGED  TOGAS  TOGAE  TOFUS  TOFTS  TOFFY  TOFFS  TOEAS  TODDY  
TODDE  TODAY  TOCOS  TOCKS  TOAZE  TOAST  TOADY  TOADS  TITUP  TITRE  
TITLE  TITIS  TITHE  TITER  TITCH  TITAN  TIRRS  TIROS  TIRLS  TIRES  
TIRED  TIPSY  TIPPY  TIPIS  TINTY  TINTS  TINNY  TINKS  TINGS  TINGE  
TINES  TINED  TINEA  TINDS  TINCT  TIMPS  TIMON  TIMID  TIMER  TIMED  
TIMBO  TILTS  TILTH  TILLY  TILLS  TILES  TILER  TILED  TILDE  TILAK  
TIKKA  TIKIS  TIKAS  TIGON  TIGHT  TIGES  TIGER  TIFTS  TIFFS  TIERS  
TIDES  TIDED  TIDDY  TIDAL  TICKY  TICKS  TICHY  TICES  TICED  TICCA  
TICAL  TIBIA  TIARS  TIARA  THYMY  THYMI  THYME  THUYA  THURL  THUNK  
THUMP  THUMB  THUJA  THUGS  THUDS  THRUM  THROW  THROE  THROB  THRIP  
THRID  THREW  THREE  THRAW  THRAE  THOWL  THOUS  THOSE  THORP  THORO  
THORN  THONG  THOLI  THOLE  THOFT  THIRL  THIRD  THIOL  THINS  THINK  
THING  THINE  THILL  THILK  THIGS  THIGH  THIEF  THICK  THEWY  THEWS  
THETE  THETA  THESP  THESE  THERM  THERE  THEOW  THENS  THEME  THEMA  
THELF  THEIR  THEIN  THEIC  THEGN  THEFT  THEES  THEEK  THEED  THECA  
THEBE  THAWY  THAWS  THARS  THARM  THANS  THANK  THANE  THANA  THALI  
THAIM  THAGI  THACK  TEXTS  TEXES  TEXAS  TEWIT  TEWEL  TEWED  TEUGH  
TEUCH  TETRI  TETRA  TETHS  TESTY  TESTS  TESTE  TESTA  TESLA  TERTS  
TERSE  TERRY  TERRA  TERNS  TERNE  TERMS  TERGA  TERFS  TERFE  TERES  
TEREK  TERCE  TERAS  TERAI  TEPOY  TEPID  TEPEE  TEPAS  TEPAL  TENUE  
TENTY  TENTS  TENTH  TENSE  TENOR  TENON  TENNY  TENNO  TENNE  TENIA  
TENGE  TENET  TENES  TENDU  TENDS  TENCH  TEMSE  TEMPT  TEMPO  TEMPI  
TEMES  TEMED  TELOS  TELOI  TELLY  TELLS  TELIC  TELIA  TELEX  TELES  
TELCO  TELAE  TEIND  TEILS  TEIID  TEHRS  TEGUS  TEGUA  TEGGS  TEFFS  
TEETH  TEERS  TEENY  TEENS  TEENE  TEEND  TEEMS  TEELS  TEDDY  TECTA  
TECHY  TECHS  TEAZE  TEATS  TEASE  TEARY  TEARS  TEAMS  TEALS  TEAKS  
TEAED  TEADS  TEADE  TEACH  TAZZE  TAZZA  TAYRA  TAXUS  TAXOR  TAXON  
TAXOL  TAXED  TAWTS  TAWSE  TAWNY  TAWIE  TAWED  TAWAI  TAVAH  TAUTS  
TAUPE  TAUON  TAUNT  TAULD  TAUBE  TATOU  TATIE  TATHS  TATAR  TASTY  
TASTE  TASSE  TASKS  TASER  TASAR  TARTY  TARTS  TARSI  TARRY  TARRE  
TARPS  TAROT  TAROS  TAROK  TAROC  TARNS  TARGE  TARES  TARED  TARDY  
TARDO  TARAS  TAPUS  TAPPA  TAPIS  TAPIR  TAPET  TAPER  TAPEN  TAPED  
TAPAS  TANTO  TANTI  TANSY  TANNA  TANKY  TANKS  TANKA  TANHS  TANGY  
TANGS  TANGO  TANGI  TANGA  TAMPS  TAMMY  TAMIS  TAMIN  TAMER  TAMED  
TAMAL  TALUS  TALUK  TALPA  TALON  TALMA  TALLY  TALLS  TALKY  TALKS  
TALES  TALER  TALEA  TALCY  TALCS  TALAS  TALAR  TALAQ  TALAK  TAKIS  
TAKIN  TAKHI  TAKES  TAKER  TAKEN  TAKAS  TAJES  TAITS  TAISH  TAIRA  
TAINT  TAINS  TAILS  TAIGS  TAIGA  TAHRS  TAHOU  TAHAS  TAGMA  TAGGY  
TAFIA  TAFFY  TAELS  TACTS  TACOS  TACKS  TACIT  TACHS  TACHO  TACHE  
TACET  TACES  TACAN  TABUS  TABUN  TABOR  TABOO  TABLE  TABLA  TABIS  
TABID  TABES  TABER  TABBY  TAALS  SYVER  SYTHE  SYSOP  SYRUP  SYREN  
SYRAH  SYPHS  SYPES  SYPED  SYNTH  SYNOD  SYNES  SYNED  SYNDS  SYNCS  
SYNCH  SYMAR  SYLVA  SYLPH  SYLIS  SYKER  SYCES  SYCEE  SYBOW  SYBOE  
SYBIL  SYBBE  SWUNG  SWOUN  SWORN  SWORD  SWOPT  SWOPS  SWOOP  SWOON  
SWONE  SWOLN  SWOBS  SWIZZ  SWIVE  SWITH  SWISS  SWISH  SWIRL  SWIRE  
SWIPE  SWINK  SWING  SWINE  SWIMS  SWILL  SWIGS  SWIFT  SWEYS  SWERF  
SWEPT  SWELT  SWEIR  SWEET  SWEER  SWEEP  SWEEL  SWEED  SWEDE  SWEAT  
SWEAL  SWAYL  SWATH  SWASH  SWARM  SWARF  SWARD  SWAPT  SWAPS  SWANS  
SWANK  SWANG  SWAMY  SWAMP  SWAMI  SWALY  SWALE  SWAIN  SWADS  SWACK  
SWABS  SUTTA  SUTRA  SUTOR  SUSHI  SURRA  SURLY  SURGY  SURGE  SURFY  
SURFS  SURER  SURED  SURAT  SURAS  SURAL  SURAH  SUPRA  SUPES  SUPER  
SUNUP  SUNNY  SUNNS  SUNNA  SUMPH  SUMOS  SUMMA  SUMAC  SULUS  SULLY  
SULKY  SULKS  SULFO  SULFA  SULCI  SUKHS  SUJEE  SUITS  SUINT  SUING  
SUIDS  SUGHS  SUGAR  SUGAN  SUETY  SUERS  SUEDE  SUDSY  SUDOR  SUDDS  
SUCRE  SUCKY  SUCCI  SUBHA  SUBER  SUBBY  SUBAS  SUBAH  SUAVE  STYTE  
STYRE  STYMY  STYME  STYLO  STYLI  STYLE  STYES  STYED  STURT  STURE  
STUPE  STUPA  STUNT  STUNS  STUNK  STUNG  STUMS  STUMP  STUMM  STULM  
STULL  STUFF  STUDY  STUDS  STUCK  STUBS  STRUT  STRUM  STROY  STROW  
STROP  STRIP  STRIG  STRIA  STREW  STREP  STRAY  STRAW  STRAP  STRAG  
STRAE  STRAD  STOWS  STOWN  STOVE  STOUT  STOUR  STOUP  STOUN  STOTT  
STOTS  STOSS  STORY  STORM  STORK  STORE  STOPT  STOPS  STOPE  STOOR  
STOOP  STOOK  STOOD  STONN  STONK  STONG  STONE  STOND  STOMP  STOMA  
STOLN  STOLE  STOKE  STOIT  STOIC  STOGY  STOEP  STOCK  STOBS  STOAT  
STOAS  STOAI  STOAE  STIVY  STIVE  STIRS  STIRP  STIRK  STIRE  STIPE  
STIPA  STINT  STINK  STIMY  STIMS  STIME  STILT  STILL  STILE  STILB  
STIFF  STIES  STIED  STICK  STICH  STEWY  STETS  STERN  STERE  STEPT  
STEPS  STENT  STENS  STENO  STEND  STEMS  STEME  STELL  STELE  STELA  
STEIN  STEIL  STEER  STEEN  STEEM  STEEL  STEEK  STEED  STEDS  STEDE  
STEDD  STEAR  STEAM  STEAL  STEAK  STEAD  STAWS  STAUN  STATS  STATE  
STASH  START  STARS  STARR  STARN  STARK  STARE  STAPS  STAPH  STANK  
STANG  STAND  STALL  STALK  STALE  STAKE  STAIR  STAIN  STAIG  STAGY  
STAGS  STAGE  STAFF  STADE  STACK  STABS  SQUIZ  SQUIT  SQUID  SQUIB  
SQUEG  SQUAW  SQUAT  SQUAD  SQUAB  SPYRE  SPYAL  SPUTA  SPURT  SPURN  
SPUNK  SPUMY  SPUME  SPULE  SPUES  SPUER  SPUED  SPUDS  SPRUG  SPRUE  
SPROG  SPROD  SPRIT  SPRIG  SPREW  SPREE  SPRED  SPRAY  SPRAT  SPRAG  
SPRAD  SPOSH  SPORT  SPOOR  SPOOM  SPOOL  SPOOK  SPOOF  SPOKE  SPOIL  
SPODS  SPODE  SPLIT  SPLAY  SPLAT  SPITZ  SPITE  SPIRY  SPIRT  SPIRE  
SPINY  SPINS  SPINK  SPINA  SPILT  SPILL  SPILE  SPIKY  SPIKS  SPIKE  
SPIFS  SPIFF  SPIES  SPIER  SPIEL  SPIED  SPIDE  SPICY  SPICS  SPICK  
SPICE  SPICA  SPIAL  SPEWS  SPEUG  SPETS  SPERM  SPEOS  SPENT  SPEND  
SPELT  SPELL  SPELK  SPELD  SPEKS  SPEIR  SPEIL  SPEER  SPEEL  SPEED  
SPECS  SPECK  SPEAT  SPEAR  SPEAN  SPEAL  SPEAK  SPAZZ  SPAZA  SPAYD  
SPAWN  SPAWL  SPAUL  SPATS  SPATE  SPASM  SPARK  SPARD  SPANS  SPANK  
SPANG  SPAMS  SPALT  SPALL  SPALE  SPALD  SPAKE  SPAIT  SPAIN  SPAIL  
SPAHI  SPAGS  SPAES  SPAER  SPAED  SPADO  SPADE  SPACY  SPACE  SOZIN  
SOYUZ  SOYLE  SOWTH  SOWSE  SOWNE  SOWND  SOWMS  SOWLE  SOWFF  SOWER  
SOWED  SOWCE  SOWAR  SOUTH  SOUSE  SOUPY  SOUND  SOUMS  SOULS  SOUGH  
SOUCT  SOUCE  SOTOL  SOTHS  SORUS  SORTA  SORRY  SORRA  SORGO  SOREX  
SORER  SOREL  SOREE  SORED  SORDO  SORDA  SORBO  SORAL  SOPRA  SOPPY  
SOPOR  SOPHY  SOOTY  SOOTH  SOOTE  SOOLE  SOOEY  SONSY  SONSE  SONNY  
SONNE  SONLY  SONIC  SONDE  SONCE  SONAR  SOMAN  SOLVE  SOLUS  SOLUM  
SOLON  SOLID  SOLER  SOLEI  SOLED  SOLDO  SOLDI  SOLDE  SOLAR  SOLAN  
SOLAH  SOKOL  SOKEN  SOKAH  SOILY  SOGGY  SOGER  SOFTY  SOFTA  SOFAR  
SODOM  SODIC  SODDY  SODAS  SOCLE  SOCKO  SOCAS  SOBER  SOBAS  SOAVE  
SOARE  SOAPY  SOAPS  SOAKS  SNYES  SNUSH  SNUGS  SNUFF  SNUCK  SNUBS  
SNOWY  SNOWS  SNOWK  SNOUT  SNORT  SNORE  SNOOP  SNOOL  SNOOK  SNOOD  
SNOKE  SNOEP  SNOEK  SNODS  SNOBS  SNIRT  SNIPY  SNIPS  SNIPE  SNIGS  
SNIFT  SNIFF  SNIES  SNIDE  SNICK  SNIBS  SNEES  SNEED  SNEDS  SNECK  
SNEBS  SNEAP  SNEAK  SNEAD  SNAWS  SNATH  SNASH  SNARY  SNARS  SNARL  
SNARK  SNARF  SNARE  SNAPS  SNAKY  SNAKE  SNAIL  SNAGS  SNAFU  SNACK  
SNABS  SMUTS  SMUSH  SMURS  SMUGS  SMOWT  SMOUT  SMOTE  SMORE  SMOOT  
SMOOR  SMOLT  SMOKY  SMOKO  SMOKE  SMOGS  SMOCK  SMITS  SMITH  SMITE  
SMIRS  SMIRR  SMIRK  SMILE  SMEWS  SMERK  SMELT  SMELL  SMEES  SMEEK  
SMEAR  SMAZE  SMASH  SMART  SMARM  SMALT  SMALM  SMALL  SMAIK  SMACK  
SMAAK  SLYPE  SLYLY  SLYER  SLUTS  SLUSH  SLUSE  SLURS  SLURP  SLURB  
SLUNK  SLUNG  SLUMS  SLUIT  SLUGS  SLUFF  SLUED  SLUBS  SLUBB  SLOYD  
SLOVE  SLOTS  SLOTH  SLOSH  SLORM  SLOPY  SLOPE  SLOOT  SLOOP  SLOOM  
SLOJD  SLOID  SLOES  SLOBS  SLOAN  SLITS  SLISH  SLIPT  SLIPE  SLINK  
SLING  SLIMY  SLIME  SLILY  SLIER  SLIDE  SLICK  SLICE  SLEYS  SLEPT  
SLEET  SLEER  SLEEP  SLEEK  SLATY  SLATS  SLATE  SLASH  SLART  SLANT  
SLANK  SLANG  SLANE  SLAMS  SLAKE  SLAIN  SLAID  SLAGS  SLAES  SLADE  
SLACK  SLABS  SKYRS  SKYRE  SKYFS  SKYEY  SKYER  SKYED  SKUNK  SKULL  
SKULK  SKUGS  SKUAS  SKRIK  SKRAN  SKOSH  SKORT  SKOOL  SKOLS  SKOFF  
SKOAL  SKLIM  SKIVY  SKIVE  SKITS  SKITE  SKIRT  SKIRR  SKIRL  SKIPS  
SKIOS  SKINT  SKINS  SKINK  SKIMS  SKIMP  SKIMO  SKILL  SKIFF  SKIEY  
SKIES  SKIER  SKIED  SKIDS  SKEWS  SKETS  SKEPS  SKEOS  SKENS  SKENE  
SKELP  SKELM  SKELL  SKELF  SKEIN  SKEGS  SKEGG  SKEET  SKEES  SKEER  
SKEEN  SKEEF  SKEED  SKEAR  SKEAN  SKAWS  SKATT  SKATS  SKATE  SKART  
SKANK  SKALD  SKAIL  SKAGS  SIZEL  SIZED  SIZAR  SIXTY  SIXTH  SIXTE  
SIXMO  SIXER  SIVER  SITUS  SITUP  SITKA  SITHE  SITED  SITAR  SISSY  
SISAL  SIRUP  SIRRA  SIROC  SIRIH  SIREN  SIREE  SIRED  SIPPY  SIPES  
SIPED  SINUS  SINKY  SINGE  SINEW  SINED  SINCE  SIMUL  SIMIS  SIMBA  
SIMAR  SILVA  SILTY  SILOS  SILLY  SILKY  SILKS  SILEX  SILER  SILEN  
SILED  SIKER  SIKAS  SIJOS  SIGNS  SIGNA  SIGMA  SIGLA  SIGIL  SIGHT  
SIGHS  SIFTS  SIEVE  SIEUR  SIETH  SIENT  SIENS  SIELD  SIEGE  SIDLE  
SIDHE  SIDHA  SIDER  SIDED  SIDAS  SICKO  SICHT  SIBYL  SIALS  SHYLY  
SHYER  SHWAS  SHUTS  SHUTE  SHUSH  SHURA  SHUNT  SHUNS  SHULS  SHULN  
SHULE  SHUCK  SHTUP  SHTUM  SHTIK  SHRUG  SHRUB  SHROW  SHRIS  SHREW  
SHRED  SHOYU  SHOWY  SHOWS  SHOWN  SHOWD  SHOVE  SHOUT  SHOTT  SHOTS  
SHOTE  SHORT  SHORN  SHORL  SHORE  SHOPS  SHOPE  SHOOT  SHOOS  SHOON  
SHOOL  SHOOK  SHONE  SHOLA  SHOJI  SHOGS  SHOGI  SHOES  SHOER  SHOED  
SHOCK  SHOAT  SHOAL  SHMEK  SHLUB  SHLEP  SHIVS  SHIVE  SHIVA  SHIUR  
SHITS  SHITE  SHIST  SHISO  SHISH  SHIRT  SHIRS  SHIRR  SHIRK  SHIRE  
SHIPS  SHINY  SHINS  SHINE  SHIMS  SHILY  SHILL  SHIFT  SHIES  SHIER  
SHIEL  SHIED  SHIAI  SHEWS  SHEWN  SHEVA  SHETS  SHERE  SHERD  SHEOL  
SHENT  SHEND  SHELL  SHELF  SHEIK  SHEET  SHEEP  SHEEN  SHEEL  SHEDS  
SHEAR  SHEAL  SHEAF  SHCHI  SHAYA  SHAWN  SHAWM  SHAWL  SHAVE  SHAUL  
SHASH  SHARP  SHARN  SHARK  SHARE  SHARD  SHAPS  SHAPE  SHANS  SHANK  
SHAND  SHAMS  SHAMA  SHALY  SHALT  SHALM  SHALL  SHALE  SHAKY  SHAKT  
SHAKO  SHAKE  SHAGS  SHAFT  SHADY  SHADS  SHADE  SHACK  SEXTO  SEXED  
SEWIN  SEWER  SEWEN  SEWEL  SEWED  SEWAR  SEWAN  SEVEN  SETUP  SETTS  
SETON  SETAL  SETAE  SESSA  SESEY  SERVO  SERVE  SERUM  SERRY  SERRS  
SERRE  SERRA  SEROW  SERON  SERIN  SERIF  SERIC  SERGE  SERFS  SERER  
SERAL  SERAI  SERAC  SEPTA  SEPOY  SEPIC  SEPIA  SEPAL  SEPAD  SENZA  
SENVY  SENTI  SENTE  SENSI  SENSE  SENSA  SENOR  SENNA  SENGI  SENAS  
SEMIS  SEMIE  SEMEN  SEMEE  SELVA  SELLE  SELLA  SELFS  SELAH  SEKTS  
SEKOS  SEIZE  SEITY  SEISM  SEISE  SEINE  SEIFS  SEGUE  SEGOS  SEGOL  
SEGNO  SEGNI  SEGAR  SEEPY  SEELY  SEELD  SEEDY  SEDUM  SEDGY  SEDGE  
SEDER  SEDAN  SECTS  SECHS  SECCO  SEBUM  SEAZE  SEASE  SEARE  SEAMY  
SEAMS  SEAME  SDEIN  SDAYN  SCUZZ  SCUTS  SCUTE  SCUTA  SCUSE  SCURS  
SCURF  SCUPS  SCUMS  SCULS  SCULP  SCULL  SCULK  SCUGS  SCUFT  SCUFF  
SCUDS  SCUDO  SCUDI  SCUBA  SCRUM  SCRUB  SCROW  SCROG  SCROD  SCRIP  
SCRIM  SCREW  SCREE  SCRAT  SCRAP  SCRAN  SCRAM  SCRAG  SCRAE  SCRAB  
SCOWS  SCOWP  SCOWL  SCOUT  SCOUR  SCOUP  SCOUG  SCOTS  SCORN  SCORE  
SCOPS  SCOPE  SCOPA  SCOOT  SCOOP  SCOOG  SCONE  SCOLD  SCOGS  SCOFF  
SCODY  SCLIM  SCION  SCHWA  SCHUL  SCHMO  SCHAV  SCENT  SCENE  SCEND  
SCENA  SCEAT  SCAWS  SCAUR  SCAUP  SCAUD  SCATT  SCATS  SCATH  SCARY  
SCART  SCARS  SCARP  SCARF  SCARE  SCAPI  SCAPE  SCAPA  SCANT  SCANS  
SCAND  SCAMP  SCALP  SCALL  SCALE  SCALD  SCALA  SCAIL  SCAFF  SCADS  
SCABS  SAYST  SAYON  SAYNE  SAYID  SAYED  SAWAH  SAVVY  SAVOY  SAVOR  
SAVIN  SAVEY  SAVED  SAUTE  SAURY  SAUNT  SAUNA  SAULT  SAUGH  SAUCH  
SAUCE  SAUBA  SATYR  SATIN  SATEM  SATED  SATAY  SATAI  SASSY  SASSE  
SASIN  SASER  SAROD  SARKY  SARIN  SARGO  SARGE  SAREE  SARED  SARAN  
SAPOR  SAPID  SAPAN  SANTO  SANSA  SANKO  SANGO  SANGH  SANGA  SANED  
SANDY  SAMPI  SAMMY  SAMFU  SAMEY  SAMEN  SAMEL  SAMEK  SAMBO  SAMBA  
SAMAN  SALVO  SALVE  SALUE  SALTY  SALTS  SALTO  SALSE  SALSA  SALPS  
SALPA  SALOP  SALON  SALOL  SALMI  SALLY  SALLE  SALIX  SALIC  SALET  
SALEP  SALAL  SALAD  SAKIS  SAKIA  SAKER  SAKAI  SAJOU  SAITH  SAIST  
SAINT  SAINE  SAIMS  SAIGA  SAICS  SAICK  SAICE  SAHIB  SAHEB  SAGUM  
SAGOS  SAGGY  SAGER  SAGAS  SAFER  SAFED  SADZA  SADLY  SADHU  SADHE  
SADDO  SACRA  SABRE  SABRA  SABOT  SABLE  SABIR  SABIN  SABER  SABED  
SABAL  RYPER  RYOTS  RYNDS  RYMME  RYKES  RYKED  RYBAT  RYALS  RUTTY  
RUTIN  RUTHS  RUSTY  RUSTS  RUSSE  RUSMA  RUSKS  RUSHY  RUSAS  RUPIA  
RUPEE  RUNTY  RUNTS  RUNNY  RUNIC  RUNGS  RUNED  RUNDS  RUNCH  RUMPY  
RUMPS  RUMPO  RUMOR  RUMMY  RUMLY  RUMES  RUMEN  RUMBO  RUMBA  RUMAL  
RULES  RULER  RULED  RUKHS  RUINS  RUING  RUGGY  RUGBY  RUGAL  RUGAE  
RUFFS  RUFFE  RUERS  RUDIE  RUDES  RUDER  RUDDY  RUDDS  RUDAS  RUCKS  
RUCHE  RUBUS  RUBLE  RUBIN  RUBES  RUBEL  RUBBY  RUBAI  RUANA  ROZIT  
ROZET  ROYST  ROYNE  ROYAL  ROWTS  ROWTH  ROWND  ROWME  ROWEN  ROWEL  
ROWDY  ROWAN  ROVER  ROVEN  ROVED  ROUTS  ROUTH  ROUTE  ROUST  ROUSE  
ROUPY  ROUPS  ROUND  ROUMS  ROULS  ROULE  ROUGH  ROUGE  ROUES  ROUEN  
ROTTE  ROTOS  ROTOR  ROTON  ROTLS  ROTIS  ROTES  ROTED  ROTCH  ROTAS  
ROTAN  ROTAL  ROSTS  ROSTI  ROSIT  ROSIN  ROSHI  ROSET  ROSED  RORIE  
RORID  RORIC  ROQUE  ROPEY  ROPER  ROPED  ROOTY  ROOTS  ROOST  ROOSE  
ROOSA  ROOPY  ROOMY  ROOMS  ROOKY  ROOKS  ROOFY  ROOFS  ROODS  RONTS  
RONTE  RONNE  RONIN  RONEO  RONDO  RONDE  ROMPS  ROMEO  ROMAS  ROMAN  
ROMAL  ROLLS  ROLFS  ROLES  ROLAG  ROKES  ROKER  ROKED  ROJIS  ROJAK  
ROIST  ROINS  ROILY  ROILS  ROGUY  ROGUE  ROGER  RODES  RODEO  RODED  
ROCKY  ROCKS  ROBOT  ROBLE  ROBIN  ROBES  ROBED  ROATE  ROAST  ROARY  
ROARS  ROANS  ROAMS  ROADS  ROACH  RIZAS  RIYAL  RIVOS  RIVET  RIVEN  
RIVEL  RIVAS  RIVAL  RITZY  RITTS  RITES  RISUS  RISPS  RISKY  RISKS  
RISHI  RISER  RISEN  RIPPS  RIPER  RIPEN  RIPED  RIOTS  RIOJA  RINSE  
RINKS  RINGS  RINDY  RINDS  RIMUS  RIMES  RIMER  RIMED  RIMAE  RILLE  
RILEY  RILES  RILED  RIGOR  RIGOL  RIGID  RIGHT  RIFTY  RIFTS  RIFTE  
RIFLE  RIFFS  RIFER  RIEVE  RIEMS  RIELS  RIDGY  RIDGE  RIDES  RIDER  
RICKS  RICIN  RICHT  RICEY  RICES  RICER  RICED  RIBES  RIBBY  RIBAS  
RIATA  RIANT  RIALS  RHYTA  RHYNE  RHYME  RHUMB  RHONE  RHOMB  RHODY  
RHINO  RHINE  RHIME  RHIES  RHEUM  RHEME  RHEAS  REXES  REWTH  REWON  
REWIN  REWET  REWED  REWAX  REVIE  REVET  REUSE  RETRY  RETRO  RETIE  
RETIA  RETES  RETEM  RETCH  RETAX  RETAG  RESTY  RESTS  RESTO  RESOW  
RESOD  RESIT  RESIN  RESID  RESEW  RESET  RESEE  RESAY  RESAW  RESAT  
RERUN  RERIG  RERAN  REPRO  REPPS  REPOT  REPOS  REPLY  REPLA  REPIN  
REPEL  REPAY  REOIL  RENTS  RENTE  RENNE  RENIN  RENIG  RENGA  RENEY  
RENEW  RENDS  RENAY  RENAL  REMIX  REMEX  REMET  REMEN  REMAP  REMAN  
RELIT  RELIE  RELIC  RELET  RELAY  RELAX  REKEY  REKES  REKED  REJON  
REJIG  REIVE  REIST  REIRD  REINS  REINK  REIKS  REIKI  REIGN  REIFY  
REIFS  REHEM  REHAB  REGUR  REGOS  REGNA  REGMA  REGIE  REGGO  REGES  
REGAR  REGAL  REFRY  REFLY  REFIX  REFIT  REFFO  REFER  REFEL  REFED  
REEVE  REEST  REENS  REELS  REEKY  REEKS  REEFY  REEFS  REEDY  REEDS  
REEDE  REECH  REDYE  REDUX  REDUB  REDRY  REDOX  REDOS  REDON  REDLY  
REDIP  REDID  REDIA  REDES  REDED  REDDY  REDDS  REDAN  RECUT  RECUR  
RECTO  RECTI  RECTA  RECON  RECKS  RECIT  RECCY  RECCO  RECCE  RECAP  
RECAL  REBUY  REBUT  REBUS  REBOP  REBIT  REBID  REBEL  REBEC  REBBE  
REBAR  REAVE  REATE  REATA  REAST  REARS  REARM  REAMY  REAMS  REAME  
REALS  REALO  REALM  REAKS  READY  READS  READD  REACT  REACH  RAZOR  
RAZOO  RAYON  RAYNE  RAYLE  RAYAS  RAYAH  RAWNS  RAWLY  RAWIN  RAVIN  
RAVER  RAVEN  RAVEL  RAVED  RAUPO  RAUNS  RATUS  RATTY  RATOS  RATOO  
RATIO  RATHS  RATHE  RATHA  RATES  RATER  RATEL  RATED  RATCH  RATAS  
RATAN  RATAL  RASTA  RASSE  RASPY  RASPS  RASER  RASED  RAREE  RAPPE  
RAPID  RAPHE  RAPER  RANTS  RANKS  RANKE  RANIS  RANID  RANGY  RANGI  
RANGE  RANEE  RANDY  RANDS  RANCH  RANCE  RANAS  RAMUS  RAMPS  RAMMY  
RAMIS  RAMIN  RAMIE  RAMET  RAMEN  RAMEE  RAMAL  RALPH  RALLY  RALES  
RAKUS  RAKIS  RAKES  RAKER  RAKEE  RAKED  RAJES  RAJAS  RAJAH  RAITS  
RAITA  RAISE  RAIRD  RAINY  RAINS  RAINE  RAILS  RAILE  RAIKS  RAIDS  
RAIAS  RAHUI  RAHED  RAGIS  RAGGY  RAGGS  RAGGA  RAGES  RAGER  RAGEE  
RAGED  RAGDE  RAGAS  RAFTS  RAFFS  RADON  RADIX  RADIO  RADII  RADGE  
RADAR  RACON  RACKS  RACHE  RACES  RACER  RACED  RABIS  RABID  RABIC  
RABBI  RABAT  QUYTE  QURSH  QUOTH  QUOTE  QUOTA  QUOPS  QUONK  QUOLL  
QUOIT  QUOIN  QUOIF  QUODS  QUOAD  QUITS  QUITE  QUIST  QUIRT  QUIRK  
QUIRE  QUIPU  QUIPS  QUIPO  QUINT  QUINS  QUINO  QUINE  QUINA  QUIMS  
QUILT  QUILL  QUIFF  QUIET  QUIDS  QUICK  QUICH  QUEYS  QUEYN  QUEUE  
QUERN  QUENA  QUEME  QUELL  QUEEN  QUEAN  QUBIT  QUAYS  QUAYD  QUATE  
QUASS  QUASI  QUASH  QUART  QUARK  QUARE  QUANT  QUALM  QUALE  QUAKY  
QUAKE  QUAIR  QUAIL  QUAFF  QUADS  QUACK  QORMA  QOPHS  QIBLA  QANAT  
QAIDS  QADIS  PZAZZ  PYXIS  PYXIE  PYXES  PYXED  PYROS  PYRIC  PYREX  
PYRAN  PYRAL  PYOTS  PYOID  PYNES  PYNED  PYLON  PYINS  PYGMY  PYGAL  
PYETS  PUZEL  PUTTS  PUTTO  PUTTI  PUTON  PUTID  PUSLE  PURTY  PURSY  
PURSE  PURPY  PURIS  PURIN  PURIM  PURGE  PURES  PURER  PUREE  PURED  
PURDA  PUPUS  PUPIL  PUPAL  PUPAE  PUNTY  PUNTO  PUNKA  PUNJI  PUNGA  
PUNCH  PUNCE  PUNAS  PUMPS  PUMIE  PUMAS  PULUS  PULPY  PULPS  PULMO  
PULLS  PULLI  PULKS  PULKA  PULIS  PULIK  PULER  PULED  PULAS  PULAO  
PUKUS  PUKKA  PUKER  PUKED  PUJAS  PUJAH  PUHAS  PUGIL  PUGGY  PUFFY  
PUERS  PUDUS  PUDSY  PUDOR  PUDIC  PUDGY  PUDDY  PUCKA  PUCES  PUCER  
PUCAN  PUBIS  PUBIC  PUBES  PSYOP  PSYCH  PSORA  PSOAS  PSOAI  PSOAE  
PSION  PSHAW  PSEUD  PSALM  PRYSE  PRYER  PRUTA  PRUNT  PRUNE  PRUDE  
PROYN  PROXY  PROWL  PROUL  PROUD  PROSY  PROST  PROSO  PROSE  PRORE  
PROOF  PRONK  PRONG  PROMS  PROMO  PROLL  PROLE  PROKE  PROIN  PROGS  
PROFS  PROEM  PRODS  PROBS  PROBE  PROAS  PRIZE  PRIVY  PRISS  PRISM  
PRISE  PRIOR  PRION  PRINT  PRINK  PRIMY  PRIMS  PRIMP  PRIMO  PRIMI  
PRIME  PRIMA  PRILL  PRIGS  PRIES  PRIER  PRIEF  PRIED  PRIDE  PRICY  
PRICK  PRICE  PRIAL  PREYS  PREXY  PREVE  PREST  PRESS  PRESE  PRESA  
PREPS  PREOP  PRENT  PREMY  PREMS  PREIF  PREEN  PREDY  PRAWN  PRATY  
PRATT  PRATS  PRASE  PRANK  PRANG  PRANA  PRAMS  PRAHU  PRADS  PRAAM  
POZZY  POYSE  POYOU  POYNT  POWRE  POWNY  POWNS  POWND  POWIN  POWER  
POWAN  POUTY  POUTS  POUPT  POUPE  POUND  POULT  POULP  POULE  POUKS  
POUKE  POUFS  POUFF  POUCH  POTTS  POTTO  POTSY  POTOO  POTIN  POTED  
POTCH  POTAE  POSSE  POSIT  POSHO  POSES  POSER  PORTY  PORTS  PORTA  
PORNY  PORNO  PORKY  PORGY  PORGE  PORER  PORCH  PORAE  POPSY  POPPA  
POOVY  POOVE  POORT  POORI  POOKA  POOJA  POOHS  POOFY  POODS  POOCH  
PONZU  PONTY  PONTS  PONGY  PONGO  PONGA  PONES  PONCY  PONCE  POMPS  
POMOS  POMMY  POMBE  POLYS  POLYP  POLTS  POLOS  POLKS  POLKA  POLJE  
POLIS  POLIO  POLEY  POLER  POLED  POLAR  POKIE  POKEY  POKER  POKED  
POKAL  POISE  POINT  POIND  POILU  POGOS  POGGE  POGEY  POETS  POESY  
POEPS  POEMS  PODIA  PODGY  PODGE  PODEX  PODDY  PODAL  POCKY  POBOY  
POAKE  POAKA  POACH  PLYER  PLUSH  PLUNK  PLUMY  PLUMS  PLUMP  PLUME  
PLUMB  PLUGS  PLUFF  PLUCK  PLOYS  PLOWS  PLOUK  PLOTZ  PLOTS  PLOPS  
PLOOK  PLONK  PLONG  PLODS  PLOAT  PLINK  PLING  PLIMS  PLIES  PLIER  
PLIED  PLICA  PLEWS  PLESH  PLEON  PLENA  PLEBS  PLEBE  PLEAT  PLEAS  
PLEAD  PLAZA  PLAYS  PLAYA  PLATY  PLATE  PLAST  PLASM  PLASH  PLAPS  
PLANT  PLANS  PLANE  PLAIT  PLAIN  PLAID  PLAGE  PLACK  PLACE  PLAAS  
PIZZA  PIZES  PIZED  PIXIE  PIXES  PIXEL  PIVOT  PIUMS  PITTA  PITON  
PITHY  PITHS  PITAS  PISTE  PISOS  PISKY  PISCO  PIROG  PIRNS  PIRAI  
PIQUE  PIPUL  PIPIT  PIPIS  PIPET  PIPES  PIPER  PIPED  PIPAL  PIOYS  
PIOYE  PIOUS  PIONY  PIONS  PINUP  PINTO  PINTA  PINOT  PINON  PINNA  
PINKS  PINKO  PINGS  PINGO  PINEY  PINED  PINCH  PINAS  PIMPS  PIMAS  
PILUS  PILUM  PILOW  PILOT  PILIS  PILES  PILEI  PILED  PILEA  PILCH  
PILAW  PILAU  PILAR  PILAO  PILAF  PIKUL  PIKIS  PIKEY  PIKES  PIKER  
PIKED  PIKAU  PIKAS  PIING  PIGMY  PIGGY  PIEZO  PIETY  PIETS  PIETA  
PIERT  PIEND  PIECE  PICUL  PICRA  PICOT  PICKY  PICKS  PICCY  PICAS  
PICAL  PIBAL  PIANS  PIANO  PHYLE  PHYLA  PHUTS  PHPHT  PHOTS  PHOTO  
PHONY  PHONS  PHONO  PHONE  PHOHS  PHOCA  PHLOX  PHIAL  PHESE  PHEON  
PHENE  PHEER  PHASE  PHARE  PHANG  PHAGE  PEYSE  PEWIT  PEWEE  PETTY  
PETTO  PETTI  PETRE  PETIT  PETER  PETAR  PETAL  PESTY  PESTO  PESOS  
PESKY  PERVS  PERVE  PERTS  PERST  PERSE  PERRY  PERNS  PERMS  PERKY  
PERKS  PERIS  PERIL  PEREA  PERDY  PERDU  PERCH  PERCE  PERAI  PEPPY  
PEPOS  PEPLA  PEONY  PEONS  PENNI  PENNE  PENNA  PENKS  PENIS  PENIE  
PENGO  PENES  PENED  PENDU  PENDS  PENCE  PENAL  PELTA  PELON  PELMA  
PELLS  PELFS  PELAS  PEKOE  PEKIN  PEKES  PEKAN  PEIZE  PEISE  PEINS  
PEGHS  PEGGY  PEEVE  PEERY  PEEPS  PEEPE  PEEOY  PEENS  PEELS  PEEKS  
PEECE  PEDRO  PEDES  PEDAL  PECKY  PECKS  PECKE  PECHS  PECAN  PEBAS  
PEAZE  PEAVY  PEATY  PEART  PEARL  PEAKY  PEAKS  PEAGS  PEAGE  PEACH  
PEACE  PAYSD  PAYOR  PAYEE  PAWLS  PAWKY  PAWER  PAWAW  PAWAS  PAVIN  
PAVID  PAVES  PAVER  PAVEN  PAVAN  PAUSE  PAULS  PAUAS  PATUS  PATTY  
PATTE  PATSY  PATLY  PATIO  PATIN  PATEN  PATCH  PASTY  PASTE  PASTA  
PASSE  PASPY  PASHM  PASHA  PASEO  PARVO  PARVE  PARTY  PARTI  PARSE  
PARRY  PARRS  PARRA  PAROL  PARLY  PARLE  PARKY  PARKI  PARKA  PARIS  
PARGO  PARGE  PAREV  PAREU  PARER  PAREO  PARED  PARDI  PARCH  PARAS  
PARAE  PAPPI  PAPAW  PAPAS  PAPAL  PAOLO  PAOLI  PANTO  PANSY  PANNE  
PANIM  PANIC  PANES  PANDA  PANCE  PANAX  PAMPA  PALSY  PALPS  PALPI  
PALMY  PALMS  PALLY  PALLS  PALLA  PALKI  PALET  PALER  PALEA  PALAY  
PALAS  PAKKA  PAISE  PAISA  PAIRE  PAINT  PAGRI  PAGOD  PAGLE  PAGES  
PAGER  PAGED  PAGAN  PAEON  PAEAN  PADRI  PADRE  PADMA  PADLE  PADIS  
PADDY  PACTA  PACOS  PACHA  PACEY  PACES  PACER  PACED  PACAS  PAALS  
OZZIE  OZONE  OZEKI  OYERS  OXTER  OXLIP  OXIMS  OXIME  OXIDS  OXIDE  
OXEYE  OXBOW  OWSEN  OWRIE  OWRES  OWNER  OWNED  OWLET  OWLER  OWLED  
OWING  OWCHE  OVULE  OVOLO  OVOLI  OVOID  OVIST  OVINE  OVERT  OVENS  
OVELS  OVATE  OVARY  OVALS  OUZOS  OUZEL  OUTRO  OUTRE  OUTGO  OUTER  
OUTED  OUTDO  OUTBY  OUSTS  OUSEL  OURIE  OUPHS  OUPHE  OUPED  OUPAS  
OUNDY  OUNCE  OUMAS  OULKS  OUIJA  OUGHT  OUCHT  OUBIT  OTTOS  OTTER  
OTTAR  OTHER  OTARY  OTAKU  OSTIA  OSSIA  OSMOL  OSMIC  OSIER  OSHAC  
OSCAR  ORZOS  ORVAL  ORTHO  ORRIS  ORPIN  ORNIS  ORMER  ORLOP  ORLON  
ORLES  ORIXA  ORIEL  ORIBI  ORGUE  ORGIC  ORGIA  ORGAN  ORFES  OREAD  
ORDOS  ORDER  ORCIN  ORCAS  ORBIT  ORBED  ORANG  ORACY  ORACH  OPTIC  
OPTER  OPTED  OPSIN  OPPOS  OPIUM  OPING  OPINE  OPERA  OPEPE  OPENS  
OPALS  OPAHS  OOTID  OORIE  OOMPH  OOHED  OOBIT  ONTIC  ONSET  ONNED  
ONLAY  ONKUS  ONIUM  ONION  ONERY  ONERS  ONELY  ONCUS  ONCET  ONCES  
ONCER  OMRAH  OMOVS  OMLAH  OMITS  OMERS  OMENS  OMEGA  OMBUS  OMBRE  
OMBER  OMASA  OLPES  OLPAE  OLOGY  OLLIE  OLLER  OLLAV  OLLAS  OLIVE  
OLIOS  OLEUM  OLEOS  OLENT  OLEIN  OLEIC  OLDIE  OLDER  OLDEN  OKTAS  
OKRAS  OKEHS  OKAYS  OKAPI  OJIME  OINTS  OINKS  OILER  OILED  OIDIA  
OHONE  OHMIC  OHING  OHIAS  OGRES  OGMIC  OGLES  OGLER  OGLED  OGIVE  
OGHAM  OGGIN  OGEES  OGAMS  OFTER  OFTEN  OFLAG  OFFER  OFFED  OFFAL  
OFAYS  ODYLS  ODYLE  ODSOS  ODOUR  ODORS  ODIUM  ODIST  ODISM  ODEUM  
ODEON  ODDLY  ODDER  ODALS  ODAHS  OCULI  OCTYL  OCTET  OCTAS  OCTAN  
OCTAL  OCTAD  OCREA  OCKER  OCHRY  OCHRE  OCHES  OCHER  OCEAN  OCCUR  
OCCAM  OBOLS  OBOLI  OBOLE  OBOES  OBJET  OBITS  OBIIT  OBIED  OBIAS  
OBEYS  OBESE  OBELI  OBEAH  OBANG  OATHS  OATEN  OASIS  OAKUM  OAKEN  
NYSSA  NYMPH  NYLON  NYING  NYALA  NYAFF  NUTSY  NUTSO  NURSE  NURDY  
NURDS  NUNNY  NUMEN  NUMBS  NULLA  NUKES  NUKED  NUGAE  NUFFS  NUDZH  
NUDIE  NUDGE  NUDES  NUDER  NUDDY  NUCHA  NUBIA  NUBBY  NOYES  NOYAU  
NOXES  NOXAL  NOWTY  NOWAY  NOVUM  NOVEL  NOVAE  NOUNY  NOUNS  NOULS  
NOULE  NOULD  NOTUM  NOTER  NOTED  NOTCH  NOTAL  NOSEY  NOSER  NOSED  
NORTH  NORMS  NORMA  NORKS  NORIS  NORIA  NOPAL  NOOPS  NOONS  NOOKY  
NOOKS  NOOIT  NONYL  NONNY  NONIS  NONET  NONCE  NONAS  NOMOS  NOMOI  
NOMIC  NOMES  NOMEN  NOMAD  NOLES  NOISY  NOISE  NOIRS  NOINT  NOILY  
NOHOW  NOGGS  NOELS  NODUS  NODES  NODDY  NODAL  NOCKS  NOBLY  NOBLE  
NOBBY  NOAHS  NKOSI  NIZAM  NIXIE  NIXES  NIXED  NIVAL  NITTY  NITRY  
NITRO  NITRE  NITON  NITID  NISUS  NISSE  NISEI  NIRLY  NIQAB  NIPPY  
NIPAS  NINTH  NINON  NINNY  NINJA  NIMPS  NIMBS  NIMBI  NIKAU  NIHIL  
NIGHS  NIGER  NIFTY  NIFFY  NIFFS  NIFES  NIEVE  NIEFS  NIECE  NIDUS  
NIDOR  NIDES  NIDED  NIDAL  NICOL  NICKY  NICKS  NICHT  NICHE  NICER  
NICAD  NGWEE  NGOMA  NGATI  NGANA  NGAIO  NEXUS  NEXTS  NEWTS  NEWSY  
NEWLY  NEWIE  NEWEL  NEWED  NEVUS  NEVES  NEVEL  NEUMS  NEUME  NEUKS  
NETTY  NETTS  NETOP  NESTS  NERVY  NERVE  NERTZ  NERTS  NEROL  NERKS  
NERKA  NERDY  NERDS  NERAL  NEPIT  NEPER  NEONS  NEMPT  NEMNS  NEMAS  
NELLY  NELIS  NEIVE  NEIGH  NEGUS  NEGRO  NEEZE  NEESE  NEEMS  NEEMB  
NEELE  NEELD  NEEDY  NEEDS  NEDDY  NECKS  NEBEL  NEBEK  NEATH  NEAPS  
NEALS  NEAFE  NAZIS  NAZIR  NAZES  NAWAB  NAVVY  NAVEW  NAVES  NAVAR  
NAVAL  NAUNT  NAUCH  NATTY  NATIS  NATCH  NATAL  NASTY  NASHI  NASAL  
NARRE  NARKY  NARIS  NARIC  NARCS  NARCO  NAPPY  NAPPE  NAPPA  NAPOO  
NAPES  NAPED  NAPAS  NANDU  NANCY  NANCE  NAMMA  NAMED  NALLA  NALED  
NAKFA  NAKED  NAIVE  NAIRU  NAIRA  NAIKS  NAIFS  NAIAD  NAHAL  NAGOR  
NAGGY  NAGAS  NAFFS  NAEVI  NAEVE  NADIR  NADAS  NACRE  NACHO  NACHE  
NABOB  NABLA  NABKS  NABIS  NABES  NAANS  NAAMS  MZEES  MYXOS  MYTHY  
MYTHS  MYTHI  MYSID  MYRRH  MYOPY  MYOPS  MYOPE  MYOMA  MYOID  MYNAS  
MYNAH  MYLAR  MYALL  MVULE  MUZZY  MUXES  MUXED  MUTTS  MUTON  MUTIS  
MUTHA  MUTER  MUTED  MUTCH  MUSTS  MUSTH  MUSSY  MUSSE  MUSOS  MUSKY  
MUSIT  MUSIC  MUSHA  MUSET  MUSES  MUSER  MUSED  MUSCA  MUSAR  MURVA  
MURTI  MURRI  MURRE  MURRA  MURKY  MURKS  MURID  MUREX  MURES  MURED  
MURAS  MURAL  MUONS  MUNTU  MUNTS  MUNIS  MUNGS  MUNGO  MUNGA  MUNCH  
MUMUS  MUMSY  MUMPS  MUMMY  MUMMS  MULSH  MULSE  MULLA  MULGA  MULEY  
MULED  MULCT  MULCH  MUJIK  MUIST  MUIRS  MUILS  MUIDS  MUHLY  MUGGY  
MUGGS  MUGGA  MUFTI  MUFFS  MUDRA  MUDIR  MUDGE  MUDDY  MUCUS  MUCRO  
MUCOR  MUCKY  MUCIN  MUCID  MUCIC  MUCHO  MPRET  MOZED  MOYLS  MOYLE  
MOXIE  MOWRA  MOWED  MOWAS  MOVIE  MOVER  MOUTH  MOUSY  MOUST  MOURN  
MOUPS  MOUNT  MOULT  MOULS  MOULD  MOUCH  MOTZA  MOTUS  MOTTY  MOTTS  
MOTTO  MOTTE  MOTOR  MOTIS  MOTIF  MOTHY  MOTHS  MOTEY  MOTET  MOTES  
MOTEN  MOTEL  MOTED  MOSTS  MOSTE  MOSSY  MOSSO  MOSEY  MOSED  MORTS  
MORRO  MORRA  MORPH  MORON  MORNS  MORNE  MORIA  MOREL  MORAY  MORAT  
MORAL  MORAE  MOPUS  MOPSY  MOPPY  MOPEY  MOPES  MOPER  MOPED  MOOVE  
MOOTS  MOORY  MOORS  MOOPS  MOONY  MOOLS  MOOLI  MOOLA  MOODS  MOOCH  
MONTY  MONTH  MONTE  MONOS  MONIE  MONGO  MONEY  MONER  MONDO  MONDE  
MONAS  MONAL  MONAD  MOMUS  MOMMA  MOLTS  MOLTO  MOLLA  MOLDY  MOLAR  
MOLAL  MOKOS  MOKIS  MOKES  MOITS  MOIST  MOIRE  MOIRA  MOILS  MOHUR  
MOHUA  MOHRS  MOHEL  MOGUL  MOGGY  MOFOS  MODUS  MODII  MODGE  MODES  
MODER  MODEM  MODEL  MODAL  MOCHY  MOCHS  MOCHA  MOBLE  MOBIE  MOBES  
MOBBY  MOANS  MNEME  MIZEN  MIXUP  MIXTE  MIXES  MIXEN  MITTS  MITRE  
MITIS  MITER  MITCH  MISTY  MISTS  MISSY  MISSA  MISOS  MISGO  MISER  
MISDO  MISCH  MIRZA  MIRTH  MIRLY  MIRKY  MIRKS  MIRIN  MIREX  MIRES  
MIRED  MINUS  MINTY  MINTS  MINOS  MINOR  MINNY  MINKE  MINIS  MINIM  
MINGY  MINGE  MINER  MINED  MINCY  MINCE  MINAS  MINAR  MINAE  MIMSY  
MIMIC  MIMER  MIMEO  MILTZ  MILTY  MILTS  MILPA  MILOS  MILOR  MILLE  
MILKY  MILKS  MILKO  MILIA  MILES  MILER  MILDS  MILCH  MIKRA  MIHIS  
MIGGS  MIFTY  MIEVE  MIENS  MIDST  MIDIS  MIDGY  MIDGE  MIDDY  MICRO  
MICRA  MICOS  MICKY  MICKS  MICHT  MICHE  MICAS  MIAUL  MIASM  MIAOW  
MIAOU  MHORR  MEZZO  MEZZE  MEZES  MEYNT  MEWLS  MEVES  MEVED  MEUSE  
METRO  METRE  METOL  METIS  METIF  METIC  METHS  METHO  METER  METED  
METAL  MESTO  MESSY  MESON  MESNE  MESIC  MESHY  MESEL  MESAS  MESAL  
MERSE  MERLS  MERLE  MERKS  MERIT  MERIS  MERIL  MERGE  MERES  MERER  
MEREL  MERED  MERDE  MERCS  MERCH  MEOWS  MEOUS  MENUS  MENTO  MENTA  
MENSH  MENSE  MENSA  MENGS  MENGE  MENED  MENDS  MENAD  MEMOS  MEMES  
MELTY  MELON  MELIK  MELIC  MELEE  MELDS  MELAS  MEKKA  MEITH  MEINY  
MEINT  MEINS  MEFFS  MEETS  MEEDS  MEDLE  MEDII  MEDIC  MEDIA  MEDAL  
MECKS  MECCA  MEBOS  MEATY  MEATH  MEASE  MEANY  MEANT  MEANE  MEALY  
MEADS  MBIRA  MAZUT  MAZEY  MAYST  MAYOS  MAYOR  MAYBE  MAYAS  MAYAN  
MAXIS  MAXIM  MAXED  MAWRS  MAWKY  MAVIS  MAVIN  MAVIE  MAVEN  MAUVE  
MAUTS  MAURI  MAUND  MAUDS  MAUBY  MATZO  MATZA  MATTS  MATTE  MATLO  
MATIN  MATHS  MATEY  MATCH  MATAI  MASUS  MASTY  MASSY  MASSE  MASSA  
MASON  MASKS  MASHY  MASER  MASED  MASAS  MARVY  MARSH  MARSE  MARRY  
MARRI  MAROR  MARON  MARLY  MARLS  MARLE  MARKA  MARID  MARIA  MARGS  
MARGE  MARDY  MARCS  MARCH  MARAH  MARAE  MAQUI  MAPLE  MAPAU  MANUS  
MANUL  MANTY  MANTO  MANTA  MANSE  MANOS  MANOR  MANNA  MANLY  MANKY  
MANIS  MANIC  MANIA  MANGY  MANGS  MANGO  MANGE  MANGA  MANET  MANEH  
MANED  MANDI  MANAT  MANAS  MAMMY  MAMMA  MAMIE  MAMEY  MAMEE  MAMBO  
MAMBA  MAMAS  MALWA  MALVA  MALTY  MALMY  MALIS  MALIK  MALIC  MALES  
MALAX  MALAS  MALAR  MALAM  MAKOS  MAKIS  MAKES  MAKAR  MAJOR  MAIZE  
MAIST  MAISE  MAIRE  MAINS  MAIMS  MAILL  MAILE  MAIKS  MAIKO  MAIDS  
MAHWA  MAHUA  MAHOE  MAGUS  MAGOT  MAGMA  MAGIC  MAGGS  MAGES  MAFIC  
MAFIA  MADRE  MADLY  MADID  MADGE  MADAM  MACRO  MACON  MACLE  MACHS  
MACHO  MACHI  MACHE  MACES  MACER  MACED  MACAW  MABES  MAARS  MAARE  
LYTTA  LYTIC  LYTHE  LYTED  LYSSA  LYSOL  LYSIS  LYSIN  LYSES  LYSED  
LYRIC  LYRES  LYNES  LYNCH  LYMPH  LYMES  LYING  LYCRA  LYCEE  LYCEA  
LYASE  LYART  LYARD  LYAMS  LWEIS  LUXES  LUVVY  LUTES  LUTER  LUTED  
LUTEA  LUSUS  LUSKS  LUSHY  LUSER  LURRY  LURKS  LURID  LURGY  LURGI  
LUREX  LURES  LURER  LURED  LURCH  LUPUS  LUPIN  LUNKS  LUNGS  LUNGI  
LUNGE  LUNET  LUNES  LUNCH  LUNAS  LUNAR  LUMPY  LUMPS  LUMMY  LUMME  
LUMEN  LUMAS  LULUS  LULLS  LUGES  LUGER  LUGED  LUFFS  LUFFA  LUDOS  
LUDIC  LUCRE  LUCKY  LUCKS  LUCID  LUCES  LUBRA  LUBES  LUBED  LUAUS  
LUACH  LOZEN  LOYAL  LOWTS  LOWSE  LOWRY  LOWPS  LOWNS  LOWNE  LOWND  
LOWLY  LOWER  LOWAN  LOVEY  LOVER  LOVAT  LOUTS  LOUSY  LOUSE  LOURY  
LOURE  LOUPS  LOUPE  LOUNS  LOUND  LOUMA  LOUIS  LOUIE  LOUGH  LOUED  
LOTUS  LOTTO  LOTTE  LOTOS  LOTIC  LOTES  LOTAS  LOTAH  LOSSY  LOSER  
LOSEN  LOSEL  LOSED  LORIS  LORIC  LOREL  LORDY  LORDS  LORAN  LOPPY  
LOPER  LOPED  LOOSE  LOORD  LOOPY  LOONY  LOONS  LOOMS  LOOKS  LOOIE  
LOOFS  LOOFA  LOOEY  LOOBY  LONGS  LONGE  LONGA  LONER  LOMED  LOMAS  
LOLOG  LOLLS  LOKES  LOIRS  LOIPE  LOINS  LOIDS  LOHAN  LOGOS  LOGON  
LOGOI  LOGIN  LOGIE  LOGIC  LOGIA  LOGGY  LOGES  LOGAN  LOFTY  LOFTS  
LOESS  LODGE  LODES  LODEN  LOCUS  LOCUM  LOCOS  LOCKS  LOCHS  LOCAL  
LOBUS  LOBOS  LOBES  LOBED  LOBBY  LOBAR  LOAVE  LOATH  LOAST  LOANS  
LOAMY  LOAMS  LOAFS  LOADS  LOACH  LLANO  LLAMA  LIVRE  LIVOR  LIVID  
LIVES  LIVER  LITRE  LITHS  LITHO  LITHE  LITED  LITAS  LITAI  LISTS  
LISPS  LISLE  LISKS  LIROT  LIRKS  LIRAS  LIPPY  LIPOS  LIPIN  LIPID  
LIONS  LINUX  LINUM  LINTY  LINTS  LINOS  LINNY  LINNS  LINKY  LINKS  
LININ  LINGY  LINGS  LINGO  LINGA  LINEY  LINES  LINEN  LINED  LINDY  
LINDS  LINCH  LINAC  LIMPS  LIMPA  LIMOS  LIMNS  LIMMA  LIMIT  LIMEY  
LIMES  LIMEN  LIMED  LIMBY  LIMBS  LIMBO  LIMBI  LIMBA  LIMAX  LIMAS  
LIMAN  LILTS  LILLS  LILAC  LIKIN  LIKES  LIKEN  LIKED  LIGNE  LIGHT  
LIGGE  LIGER  LIGAN  LIFTS  LIFES  LIFER  LIEVE  LIEUS  LIENS  LIEGE  
LIEFS  LIDOS  LIDAR  LICKS  LICIT  LICHT  LICHI  LIBRI  LIBRA  LIBER  
LIBEL  LIART  LIARD  LIANG  LIANE  LIANA  LEZZY  LEZZA  LEZES  LEXES  
LEWIS  LEVIS  LEVIN  LEVER  LEVEL  LEVEE  LEUGH  LEUDS  LEUCO  LEUCH  
LETUP  LETHE  LETCH  LESTS  LESBO  LERPS  LERES  LERED  LEPTA  LEPRA  
LEPID  LEPER  LEONE  LENTO  LENTI  LENSE  LENOS  LENIS  LENGS  LENES  
LENDS  LEMUR  LEMON  LEMMA  LEMES  LEMEL  LEMED  LEMAN  LEISH  LEIRS  
LEHUA  LEHRS  LEGIT  LEGGY  LEGGE  LEGES  LEGER  LEGAL  LEFTY  LEFTS  
LEFTE  LEETS  LEESE  LEERY  LEERS  LEEPS  LEEKS  LEECH  LEEAR  LEDUM  
LEDGY  LEDGE  LECCY  LEBEN  LEAZE  LEAVE  LEAST  LEASH  LEASE  LEARY  
LEARN  LEAPT  LEANY  LEANT  LEANS  LEAMS  LEAKY  LEAKS  LEAFY  LEAFS  
LEADY  LEADS  LEACH  LAZZO  LAZZI  LAZOS  LAZAR  LAYUP  LAYIN  LAXLY  
LAWNY  LAWNS  LAWKS  LAWIN  LAVRA  LAVED  LAURA  LAUND  LAUGH  LAUFS  
LAUDS  LAUCH  LAUAN  LATTE  LATKE  LATHY  LATHS  LATHI  LATHE  LATEX  
LATEN  LATED  LATCH  LATAH  LASTS  LASSU  LASSO  LASSI  LASER  LASED  
LARVA  LARUM  LARNS  LARKY  LARIS  LARGO  LARGE  LAREE  LARDY  LARCH  
LAPSE  LAPJE  LAPIS  LAPIN  LAPEL  LANKY  LANKS  LANES  LANDS  LANDE  
LANCH  LANCE  LANAS  LANAI  LAMPS  LAMMY  LAMIA  LAMES  LAMER  LAMED  
LAMBY  LAMBS  LAMAS  LALDY  LAKSA  LAKIN  LAKHS  LAKES  LAKER  LAKED  
LAITY  LAITH  LAIRY  LAIRS  LAIRD  LAIKS  LAIKA  LAIGH  LAIDS  LAICS  
LAICH  LAHAR  LAGER  LAGAN  LAEVO  LAERS  LADLE  LADES  LADER  LADEN  
LADED  LACKS  LACEY  LACET  LACES  LACER  LACED  LABRA  LABOR  LABIS  
LABIA  LABEL  LABDA  LAARI  KYTHE  KYTES  KYRIE  KYPES  KYNDS  KYNDE  
KYLOE  KYLIX  KYLIN  KYLIE  KYDST  KYBOS  KYATS  KYARS  KYANG  KYAKS  
KYACK  KWELA  KVELL  KUZUS  KUTUS  KUTIS  KUTCH  KUTAS  KUSSO  KURUS  
KURTA  KURRE  KURIS  KUMYS  KULFI  KULAS  KULAN  KULAK  KUKUS  KUKRI  
KUIAS  KUGEL  KUFIS  KUDZU  KUDUS  KUDOS  KRUBI  KROON  KRONE  KRONA  
KREWE  KRENG  KREEP  KRAUT  KRANZ  KRANG  KRAIT  KRAFT  KRAAL  KOURA  
KOTOW  KOTOS  KOTCH  KOSES  KORUS  KORUN  KORMA  KORES  KORAT  KORAS  
KORAI  KOPPA  KOPJE  KOPHS  KOPEK  KOORI  KONDO  KONBU  KOMBU  KOLOS  
KOLAS  KOKUM  KOKRA  KOJIS  KOINE  KOHLS  KOFTA  KOFFS  KOELS  KOBOS  
KOBAN  KOAPS  KOANS  KOALA  KNUTS  KNURS  KNURR  KNURL  KNUBS  KNOWS  
KNOWN  KNOWE  KNOUT  KNOTS  KNOSP  KNOPS  KNOLL  KNOCK  KNOBS  KNIVE  
KNITS  KNISH  KNIFE  KNELT  KNELL  KNEES  KNEEL  KNEED  KNEAD  KNAWE  
KNAVE  KNAUR  KNARS  KNARL  KNAPS  KNAGS  KNACK  KLUTZ  KLUGE  KLOOF  
KLONG  KLIKS  KLIEG  KLICK  KLETT  KLAPS  KLANG  KIWIS  KIVAS  KITTY  
KITHS  KITHE  KITER  KITED  KISSY  KISAN  KIRRI  KIRNS  KIRBY  KIPPS  
KIPPA  KIPES  KIOSK  KIORE  KINOS  KINKY  KININ  KINGS  KINDY  KINDS  
KINDA  KINAS  KIMBO  KILTY  KILPS  KILOS  KILNS  KILLS  KILIM  KILEY  
KIKOI  KIGHT  KIEVE  KIEFS  KIDGE  KIDEL  KIDDO  KICKY  KIBLA  KIBES  
KIBEI  KIBBI  KIBBE  KIANG  KIAAT  KHUDS  KHOUM  KHORS  KHOJA  KHETS  
KHETH  KHEDA  KHAZI  KHAYA  KHATS  KHAPH  KHANS  KHAKI  KHAFS  KHADI  
KEYED  KEXES  KEVIL  KEVEL  KETOL  KETCH  KETAS  KESAR  KERVE  KERRY  
KEROS  KERNS  KERNE  KERMA  KERKY  KERFS  KEREL  KERBS  KEPIS  KENTE  
KENOS  KENDO  KENCH  KENAF  KEMPY  KEMPT  KEMPS  KEMBS  KEMBO  KELTY  
KELPY  KELPS  KELIM  KELEP  KEIRS  KEHUA  KEFIR  KEEVE  KEETS  KEENS  
KEENO  KEELS  KEEKS  KEEFS  KEECH  KEDGY  KEDGE  KEBOB  KEBAR  KEBAB  
KBARS  KAZOO  KAZIS  KAYOS  KAYLE  KAYAK  KAWAU  KAURY  KAURU  KAURI  
KAUGH  KATTI  KATIS  KATAS  KASME  KASHA  KARZY  KARTS  KARSY  KARST  
KARRI  KAROO  KARNS  KARMA  KARAT  KARAS  KAPUT  KAPPA  KAPOK  KAPHS  
KAPAS  KAONS  KANZU  KANJI  KANGS  KANGA  KANEH  KANAS  KANAE  KAMME  
KAMIS  KAMIK  KAMAS  KALIS  KALIF  KALAM  KAKIS  KAKAS  KAINS  KAING  
KAIMS  KAILS  KAIKA  KAIFS  KAIES  KAIDS  KAIAK  KAHAL  KAGUS  KAGOS  
KAFIR  KADIS  KACHA  KABOB  KABAR  KABAB  KAAMA  JUVES  JUTTY  JUTES  
JUROR  JUREL  JURAT  JURAL  JUPON  JUPES  JUNTO  JUNTA  JUNKY  JUNCO  
JUMPY  JUMBY  JUMAR  JULEP  JUKUS  JUKED  JUICY  JUICE  JUGUM  JUGAL  
JUDOS  JUDGE  JUDAS  JUCOS  JUBES  JUBAS  JOWLY  JOWED  JOWAR  JOUST  
JOULE  JOUAL  JOTUN  JOTTY  JOTAS  JORUM  JORAM  JONTY  JOMON  JOLTY  
JOLLS  JOLED  JOKOL  JOKEY  JOIST  JOINT  JOINS  JOEYS  JODEL  JOCKO  
JOBED  JNANA  JIVEY  JIRRE  JIRGA  JIRDS  JINNS  JINNI  JINNE  JINGO  
JIMPY  JILTS  JIHAD  JIGOT  JIGGY  JIFFS  JIBBS  JHALA  JEWIE  JEWEL  
JEWED  JEUNE  JETTY  JETON  JESUS  JERKY  JERKS  JERID  JEMBE  JELLO  
JELAB  JEHUS  JEHAD  JEFFS  JEERS  JEEPS  JEELY  JEELS  JEDIS  JEBEL  
JEATS  JEANS  JAZZY  JAXIE  JAWED  JAWAN  JAVEL  JAUPS  JAUNT  JAUKS  
JATOS  JASPS  JASPE  JASEY  JARUL  JARTA  JARPS  JARKS  JAPES  JAPER  
JAPAN  JANTY  JANNY  JANNS  JAMMY  JAMBU  JAMBS  JAMBO  JAMBE  JALOP  
JALAP  JAKEY  JAILS  JAGRA  JAGIR  JAGGY  JAGGS  JAGER  JAFAS  JADED  
JACKY  JACAL  JABOT  IZZAT  IZARS  IZARD  IXTLE  IXORA  IXIAS  IVORY  
IVIES  IVIED  ITHER  ITEMS  ITCHY  ISTLE  ISSUE  ISSEI  ISNAE  ISLET  
ISLES  ISLED  ISHES  ISBAS  IRONY  IRONS  IRONE  IROKO  IRKED  IRING  
IRIDS  IRATE  IRADE  IPPON  IOTAS  IONIC  IODIN  IODID  IODIC  INWIT  
INVAR  INUST  INURN  INURE  INULA  INTRO  INTRA  INTIS  INTIL  INTER  
INTEL  INSET  INRUN  INPUT  INORB  INNER  INNED  INLET  INLAY  INKLE  
INKER  INKED  INION  INGOT  INGLE  INGAN  INFRA  INFOS  INFIX  INFER  
INERT  INERM  INEPT  INDUE  INDRI  INDOW  INDOL  INDIE  INDEX  INDEW  
INCUT  INCUS  INCUR  INCOG  INCLE  INBYE  INARM  INAPT  INANE  IMSHY  
IMSHI  IMPOT  IMPLY  IMPIS  IMPEL  IMPED  IMMIX  IMMIT  IMMEW  IMINO  
IMINE  IMIDS  IMIDO  IMIDE  IMBUE  IMBED  IMBAR  IMAUM  IMARI  IMAMS  
IMAGO  IMAGE  ILLTH  ILLER  ILIUM  ILIAL  ILIAD  ILIAC  ILEUS  ILEUM  
ILEAL  ILEAC  IKONS  IKATS  IKANS  IHRAM  IGLUS  IGLOO  IGGED  IGAPO  
IFTAR  IDYLS  IDYLL  IDOLS  IDOLA  IDLES  IDLER  IDLED  IDIOT  IDIOM  
IDENT  IDEES  IDEAS  IDEAL  IDANT  ICTUS  ICTIC  ICTAL  ICONS  ICKLE  
ICKER  ICING  ICILY  ICIER  ICHOR  ICHES  ICERS  IAMBS  IAMBI  HYTHE  
HYSON  HYRAX  HYPOS  HYPHA  HYPES  HYPER  HYPED  HYOID  HYNDE  HYMNS  
HYMEN  HYLIC  HYLES  HYLEG  HYLAS  HYING  HYENS  HYENA  HYDRO  HYDRA  
HWYLS  HUZZY  HUZZA  HUTIA  HUSSY  HUSOS  HUSKY  HUSKS  HUSHY  HURTS  
HURST  HURRA  HURLY  HURDS  HUNTS  HUNKY  HUMUS  HUMPY  HUMPH  HUMOR  
HUMID  HUMIC  HUMFS  HUMAS  HUMAN  HULLO  HULKY  HULKS  HULES  HULAS  
HUIAS  HUGGY  HUGER  HUFFY  HUERS  HUDUD  HUDNA  HOYLE  HOWSO  HOWRE  
HOWKS  HOWFS  HOWFF  HOWES  HOWDY  HOWBE  HOVEN  HOVEL  HOVEA  HOUTS  
HOUSE  HOURS  HOURI  HOUGH  HOUFS  HOUFF  HOTTY  HOTLY  HOTEN  HOTEL  
HOSTA  HOSEY  HOSER  HOSEN  HOSEL  HOSED  HORSY  HORST  HORSE  HORNY  
HORNS  HORME  HORIS  HORDE  HORAS  HORAL  HORAH  HOPPY  HOPES  HOPER  
HOPED  HOOVE  HOOTY  HOOTS  HOOSH  HOORD  HOOPS  HOOKY  HOOKA  HOODY  
HOOCH  HONOR  HONKY  HONKS  HONGS  HONGI  HONEY  HONES  HONDS  HONDA  
HONAN  HOMOS  HOMME  HOMIE  HOMEY  HOMER  HOMAS  HOLON  HOLLO  HOLLA  
HOLKS  HOLEY  HOLED  HOKUM  HOKKU  HOKIS  HOKEY  HOKES  HOKED  HOIST  
HOISE  HOING  HOIKS  HOICK  HOGHS  HOGGS  HOGEN  HOGAN  HOERS  HODJA  
HODAD  HOCUS  HOBOS  HOAST  HOARY  HOARS  HOARD  HOAGY  HOAED  HIZEN  
HIVER  HIVED  HITHE  HITCH  HISSY  HIRES  HIRER  HIREE  HIRED  HIPPY  
HIPPO  HIPLY  HIOIS  HINTS  HINNY  HINKY  HINGS  HINGE  HINAU  HIMBO  
HILUS  HILUM  HILTS  HILLO  HILCH  HILAR  HIKOI  HIJRA  HIJAB  HIGHS  
HIEMS  HIDER  HIDED  HICKS  HIANT  HEYED  HEXYL  HEXES  HEXED  HEXAD  
HEWGH  HEWER  HEWED  HEVEA  HEUGH  HEUCH  HETHS  HETES  HESPS  HERYE  
HERTZ  HERSE  HERRY  HERON  HEROE  HERMS  HERMA  HERLS  HERDS  HERBY  
HERBS  HEPAR  HENRY  HENNY  HENNA  HENGE  HENDS  HENCE  HEMPY  HEMPS  
HEMIN  HEMIC  HEMES  HEMAL  HELVE  HELPS  HELOT  HELOS  HELMS  HELLO  
HELIX  HELIO  HELES  HELED  HEJRA  HEJAB  HEIRS  HEILS  HEIGH  HEIDS  
HEFTY  HEFTS  HEFTE  HEEZE  HEELS  HEEDY  HEEDS  HEDGY  HEDGE  HEDER  
HECHT  HEBEN  HEAVY  HEAVE  HEATS  HEAST  HEART  HEARE  HEARD  HEAPY  
HEAPS  HEAME  HEALS  HEALD  HEADY  HEADS  HAZER  HAZEL  HAZAN  HAYLE  
HAYEY  HAWSE  HAWMS  HAWKS  HAWED  HAVOC  HAVEN  HAUTE  HAUSE  HAUNT  
HAULT  HAULS  HAULM  HAULD  HAUGH  HAUFS  HATHA  HATER  HATED  HASTY  
HASTE  HASTA  HASKS  HARTS  HARSH  HARRY  HARPY  HARPS  HARNS  HARMS  
HARKS  HARIM  HARES  HAREM  HARED  HARDY  HARDS  HARAM  HAPUS  HAPPY  
HAPLY  HAPAX  HAOMA  HAOLE  HANSE  HANSA  HANKY  HANGI  HANDY  HANDS  
HANCH  HANCE  HANAP  HAMZA  HAMMY  HAMBA  HAMAL  HALVE  HALVA  HALSE  
HALON  HALMS  HALMA  HALLO  HALID  HALFS  HALFA  HALES  HALER  HALED  
HALAL  HAKUS  HAKIM  HAKEA  HAKAS  HAKAM  HAJJI  HAJIS  HAITH  HAIRY  
HAIRS  HAINT  HAILY  HAILS  HAIKU  HAIKS  HAIKA  HAICK  HAGGS  HAFTS  
HAFIZ  HAETS  HAEMS  HADST  HADJI  HADED  HADAL  HACKS  HACEK  HABUS  
HABLE  HABIT  HAARS  GYTES  GYRUS  GYROS  GYRON  GYRES  GYRED  GYRAL  
GYPSY  GYPPY  GYPPO  GYOZA  GYNNY  GYNIE  GYNAE  GYMPS  GYELD  GYBED  
GYALS  GWINE  GUYSE  GUYOT  GUYLE  GUYED  GUTTY  GUTTA  GUTSY  GUSTY  
GUSTO  GUSSY  GUSLI  GUSLE  GUSLA  GUSHY  GURSH  GURRY  GURNS  GURLY  
GURLS  GURGE  GUPPY  GUNNY  GUNKY  GUNKS  GUNGY  GUNGE  GUNDY  GUMMY  
GUMMA  GUMBO  GULPY  GULPS  GULPH  GULFY  GULES  GULCH  GULAS  GULAR  
GULAG  GUISE  GUIRO  GUIMP  GUILT  GUILE  GUILD  GUIDS  GUIDE  GUGAS  
GUEST  GUDES  GUCKY  GUCKS  GUAVA  GUARD  GUANS  GUANO  GUANA  GUACO  
GRYPT  GRYPE  GRYKE  GRYDE  GRYCE  GRUNT  GRUMP  GRUME  GRUFF  GRUFE  
GRUES  GRUEL  GRUED  GRUBS  GROWS  GROWL  GROVE  GROUT  GROUP  GROUF  
GROTS  GROSZ  GROSS  GROPE  GROOM  GROOF  GRONE  GROMA  GROKS  GROIN  
GROGS  GRODY  GROAT  GROAN  GRITS  GRITH  GRISY  GRIST  GRIPY  GRIPT  
GRIPS  GRIPE  GRIOT  GRINS  GRIND  GRIMY  GRIME  GRIKE  GRIGS  GRIFT  
GRIFF  GRIEF  GRIDS  GRIDE  GRICE  GREYS  GREWS  GREVE  GRESE  GRENZ  
GRENS  GREIN  GREGO  GREGE  GREET  GREES  GREEN  GREEK  GRECE  GREBE  
GREAT  GRAVY  GRATE  GRASP  GRAPY  GRAPH  GRAPE  GRANT  GRANS  GRAND  
GRANA  GRAMS  GRAMP  GRAME  GRAMA  GRAIP  GRAIN  GRAIL  GRAFT  GRAFF  
GRADS  GRADE  GRACE  GRABS  GRAAL  GOYIM  GOWNS  GOWKS  GOWFS  GOWDS  
GOWAN  GOUTY  GOURD  GOURA  GOUKS  GOUGE  GOTTA  GOTHS  GOSSE  GOSHT  
GORSY  GORSE  GORPS  GORMY  GORMS  GORIS  GORGE  GORES  GORED  GORAS  
GORAL  GOPIK  GOPAK  GOOSY  GOORY  GOORS  GOOPY  GOOPS  GOONY  GOONS  
GOOLY  GOOLD  GOOKY  GOOKS  GOOFY  GOOFS  GOOEY  GOODY  GOODS  GOOBY  
GONZO  GONYS  GONOF  GONNA  GONKS  GONIF  GONIA  GONGS  GONER  GONEF  
GONAD  GOMPA  GOMER  GOMBO  GOLPS  GOLPE  GOLLY  GOLFS  GOLES  GOLEM  
GOLDY  GOING  GOIER  GOGOS  GOGGA  GOFFS  GOETY  GOERS  GOELS  GODSO  
GODLY  GOBOS  GOBBY  GOBBO  GOBBI  GOBAN  GOATY  GOATS  GOARY  GOALS  
GOAFS  GOADS  GNOWS  GNOME  GNAWS  GNAWN  GNATS  GNASH  GNARS  GNARR  
GNARL  GLYPH  GLUTS  GLUTE  GLUON  GLUMS  GLUGS  GLUEY  GLUES  GLUER  
GLUED  GLOWS  GLOVE  GLOUT  GLOST  GLORY  GLOPS  GLOOP  GLOOM  GLOMS  
GLOGG  GLODE  GLOBY  GLOBS  GLOBI  GLOBE  GLOAT  GLOAM  GLITZ  GLITS  
GLISK  GLINT  GLIMS  GLIME  GLIKE  GLIFT  GLIFF  GLIDE  GLIBS  GLIAS  
GLIAL  GLEYS  GLENT  GLENS  GLEIS  GLEET  GLEES  GLEEK  GLEED  GLEDS  
GLEDE  GLEBY  GLEBE  GLEBA  GLEAN  GLEAM  GLAZY  GLAZE  GLAUR  GLAUM  
GLARY  GLARE  GLANS  GLAND  GLAMS  GLAIR  GLAIK  GLADY  GLADS  GLADE  
GLACE  GIZMO  GIVER  GIVEN  GIVED  GIUST  GITES  GISTS  GISMS  GISMO  
GIRTS  GIRTH  GIRSH  GIRRS  GIROS  GIRON  GIRNS  GIRLY  GIRLS  GIRDS  
GIPSY  GIPPY  GIPPO  GIPON  GINZO  GINNY  GIMPY  GIMPS  GIMME  GIMEL  
GILTS  GILPY  GILLY  GILET  GILDS  GILAS  GIGUE  GIGOT  GIGHE  GIGAS  
GIFTS  GIDDY  GIBUS  GIBLI  GIBES  GIBEL  GIBED  GIANT  GHYLL  GHOUL  
GHOST  GHEST  GHAZI  GHAUT  GHATS  GHAST  GEYER  GEYAN  GEUMS  GETUP  
GETAS  GESTS  GESTE  GESSO  GESSE  GERNE  GERMY  GERLE  GERBE  GERAH  
GEOID  GEODE  GENUS  GENUA  GENTY  GENRO  GENRE  GENOM  GENOA  GENNY  
GENIP  GENII  GENIE  GENIC  GENET  GENES  GENAS  GENAL  GEMOT  GEMMY  
GEMMA  GEMEL  GELLY  GELID  GELEE  GELDS  GEIST  GEEST  GEEPS  GEEKY  
GEEKS  GECKS  GECKO  GEBUR  GEATS  GEARS  GEANS  GEALS  GAZOO  GAZON  
GAZER  GAZAR  GAZAL  GAYLY  GAYER  GAYAL  GAWSY  GAWPS  GAWKS  GAWCY  
GAVOT  GAVEL  GAUZY  GAUZE  GAUSS  GAURS  GAUPS  GAUNT  GAUMY  GAUMS  
GAULT  GAUJE  GAUGE  GAUDY  GAUDS  GAUCY  GATOR  GATHS  GATES  GATER  
GATED  GASSY  GASPY  GASPS  GARUM  GARTH  GARRE  GARNI  GARDA  GARBS  
GARBO  GARBE  GAPPY  GAPOS  GAPES  GAPER  GAPED  GAOLS  GANTS  GANOF  
GANJA  GANEV  GANEF  GANDY  GANCH  GAMUT  GAMPS  GAMMY  GAMME  GAMMA  
GAMIN  GAMIC  GAMEY  GAMES  GAMER  GAMED  GAMBS  GAMBO  GAMBE  GAMBA  
GAMAY  GAMAS  GALVO  GALUT  GALOP  GALLY  GALES  GALEA  GALAX  GALAS  
GALAH  GAJOS  GAITT  GAITS  GAIRS  GAINS  GAILY  GAIDS  GAFFS  GAFFE  
GADSO  GADJO  GADJE  GADIS  GADID  GADGE  GADDI  GABLE  GABBY  FYTTE  
FYRDS  FYLES  FYKED  FUZZY  FUZIL  FUZEE  FUZED  FUTON  FUSTY  FUSTS  
FUSSY  FUSIL  FUSES  FUSEL  FUSEE  FUSED  FURZY  FURZE  FURTH  FURRY  
FURRS  FUROR  FUROL  FURLS  FURCA  FURAN  FURAL  FUNNY  FUNKY  FUNKS  
FUNGS  FUNGO  FUNGI  FUNDY  FUNDS  FUNDI  FUMET  FUMES  FUMER  FUMED  
FULLY  FUJIS  FUGUS  FUGUE  FUGLY  FUGLE  FUGIO  FUGIE  FUGGY  FUGAL  
FUFFY  FUFFS  FUERO  FUELS  FUDGE  FUDDY  FUCUS  FUCKS  FUBSY  FUBBY  
FUBAR  FRYER  FRUST  FRUSH  FRUMP  FRUIT  FRUGS  FROZE  FROWY  FROWS  
FROWN  FROTH  FROST  FROSH  FRORY  FRORN  FRORE  FRONT  FRONS  FROND  
FROGS  FROES  FROCK  FRIZZ  FRIZE  FRITZ  FRITT  FRITS  FRITH  FRIST  
FRISK  FRISE  FRILL  FRIGS  FRIES  FRIER  FRIED  FRIBS  FRIAR  FRETS  
FRESH  FRERE  FREON  FRENA  FREMD  FREIT  FREET  FREES  FREER  FREED  
FREAK  FRAYS  FRAUS  FRAUD  FRATS  FRATI  FRATE  FRAPS  FRAPE  FRANK  
FRANC  FRAME  FRAIM  FRAIL  FRAGS  FRACT  FRACK  FRABS  FOYNE  FOYLE  
FOXIE  FOXES  FOWTH  FOWLS  FOVEA  FOUTH  FOURS  FOUNT  FOUND  FOULS  
FOULE  FOUET  FOUDS  FOUAT  FOSSE  FOSSA  FORZA  FORUM  FORTY  FORTS  
FORTH  FORTE  FORME  FORKY  FORKS  FORGO  FORGE  FOREX  FORES  FOREL  
FORDS  FORDO  FORCE  FORBY  FORAY  FORAM  FOOTY  FOODY  FOODS  FONTS  
FONLY  FONDU  FONDS  FONDA  FOMES  FOLLY  FOLKY  FOLKS  FOLIO  FOLIE  
FOLIC  FOLIA  FOLEY  FOLDS  FOIST  FOINS  FOILS  FOIDS  FOHNS  FOGLE  
FOGIE  FOGGY  FOGEY  FOEHN  FOCUS  FOCAL  FOAMY  FOAMS  FOALS  FLYTE  
FLYER  FLYBY  FLUYT  FLUTY  FLUTE  FLUSH  FLURR  FLUOR  FLUNK  FLUNG  
FLUMP  FLUME  FLUKY  FLUKE  FLUID  FLUFF  FLUEY  FLUES  FLUED  FLUBS  
FLOWS  FLOWN  FLOUT  FLOUR  FLOTE  FLOTA  FLOSS  FLOSH  FLORY  FLORS  
FLORA  FLOPS  FLOOR  FLOOD  FLONG  FLOGS  FLOES  FLOCS  FLOCK  FLOAT  
FLITT  FLITS  FLITE  FLISK  FLIRT  FLIRS  FLIPS  FLINT  FLING  FLIMS  
FLIMP  FLIES  FLIER  FLIED  FLICS  FLICK  FLEYS  FLEXO  FLEWS  FLESH  
FLEME  FLEGS  FLEET  FLEER  FLECK  FLEAS  FLEAM  FLAYS  FLAXY  FLAWY  
FLAWN  FLATS  FLASK  FLASH  FLARY  FLARE  FLAPS  FLANS  FLANK  FLAMY  
FLAMM  FLAME  FLAKY  FLAKS  FLAKE  FLAIR  FLAIL  FLAGS  FLAFF  FLACK  
FLABS  FJORD  FJELD  FIZZY  FIXER  FIXED  FIVES  FIVER  FITTS  FITTE  
FITNA  FITLY  FITCH  FISTY  FISTS  FISKS  FISHY  FISCS  FIRTH  FIRST  
FIRRY  FIRNS  FIRMS  FIRKS  FIRIE  FIRES  FIRER  FIRED  FIQUE  FIORD  
FINOS  FINNY  FINKS  FINIS  FINES  FINER  FINED  FINDS  FINCH  FINCA  
FINAL  FILUM  FILTH  FILOS  FILMY  FILMS  FILMI  FILLY  FILLO  FILLE  
FILET  FILES  FILER  FILED  FILCH  FILAR  FIKES  FIKED  FIGOS  FIGHT  
FIFTY  FIFTH  FIERY  FIERS  FIERE  FIENT  FIEND  FIELD  FIEFS  FIDOS  
FIDGE  FICUS  FICOS  FICIN  FICHU  FICHE  FICES  FIBRO  FIBRE  FIBER  
FIATS  FEZZY  FEYLY  FEYER  FEYED  FEWER  FEVER  FEUED  FEUDS  FEUAR  
FETWA  FETUS  FETTS  FETTA  FETOR  FETID  FETES  FETED  FETCH  FETAS  
FETAL  FESTY  FESTS  FESTA  FESSE  FERRY  FERNY  FERNS  FERMS  FERMI  
FERLY  FERIA  FERER  FERAL  FEOFF  FEODS  FENNY  FENKS  FENIS  FENDY  
FENDS  FENCE  FEMUR  FEMMY  FEMME  FEMES  FEMAL  FELTY  FELTS  FELON  
FELLY  FELLA  FELID  FEIST  FEINT  FEIGN  FEHME  FEEZE  FEERS  FEENS  
FEELS  FEEDS  FEEBS  FEDEX  FECKS  FECIT  FECHT  FECAL  FEAZE  FEATS  
FEAST  FEASE  FEARS  FEARE  FEALS  FAYRE  FAYNE  FAWNY  FAWNS  FAVUS  
FAVOR  FAVER  FAVEL  FAVAS  FAUVE  FAUTS  FAURD  FAUNS  FAUNA  FAULT  
FAULD  FAUGH  FATWA  FATTY  FATSO  FATLY  FATES  FATED  FATAL  FASTS  
FASTI  FASCI  FARTS  FARSE  FAROS  FARMS  FARLS  FARLE  FARES  FARER  
FARED  FARDS  FARCY  FARCI  FARCE  FARAD  FAQIR  FANUM  FANOS  FANNY  
FANKS  FANGO  FANGA  FANES  FANDS  FANCY  FANAL  FAMES  FAMED  FALSE  
FALLS  FALAJ  FAKIR  FAKEY  FAKES  FAKER  FAKED  FAITH  FAIRY  FAIRS  
FAINT  FAINS  FAINE  FAILS  FAIKS  FAGOT  FAGIN  FAGGY  FAERY  FAENA  
FADOS  FADGE  FADES  FADED  FADDY  FACTS  FACIA  FACET  FACES  FACER  
FACED  FABLE  EYRIR  EYRIE  EYRAS  EYOTS  EYING  EYERS  EYASS  EXURB  
EXULT  EXULS  EXUDE  EXTRA  EXTOL  EXPOS  EXPEL  EXPAT  EXONS  EXODE  
EXITS  EXIST  EXING  EXINE  EXILE  EXIES  EXERT  EXEME  EXEEM  EXECS  
EXEAT  EXCEL  EXAMS  EXALT  EXACT  EWKED  EWHOW  EWEST  EVOKE  EVOHE  
EVITE  EVILS  EVICT  EVHOE  EVETS  EVERY  EVERT  EVENT  EVENS  EVADE  
EUSOL  EUROS  EUPAD  EUGHS  ETYMA  ETWEE  ETUIS  ETUDE  ETTLE  ETTIN  
ETNAS  ETHYL  ETHOS  ETHIC  ETHER  ETHAL  ETENS  ETATS  ETAPE  ETAGE  
ESTRO  ESTOP  ESTOC  ESTER  ESSAY  ESNES  ESKER  ESKAR  ESILE  ESCOT  
ESCAR  ERVIL  ERVEN  ERUVS  ERUPT  ERUGO  ERUCT  ERROR  EROSE  ERODE  
ERNES  ERNED  ERING  ERICS  ERICK  ERICA  ERGOT  ERGOS  ERGON  EREVS  
ERECT  ERBIA  ERASE  EQUIP  EQUID  EQUAL  EPROM  EPRIS  EPOXY  EPOPT  
EPODE  EPOCH  EPICS  EPHOR  EPHOD  EPHAS  EPHAH  EPEES  EPACT  EOSIN  
EORLS  ENZYM  ENVOY  ENVOI  ENURE  ENTRY  ENTIA  ENTER  ENSUE  ENSKY  
ENSEW  ENROL  ENOWS  ENORM  ENOLS  ENOKI  ENNUI  ENNOG  ENMEW  ENLIT  
ENJOY  ENIAC  ENFIX  ENEWS  ENEMY  ENEMA  ENDUE  ENDOW  ENDEW  ENDER  
ENDED  ENATE  ENARM  ENACT  EMYDS  EMYDE  EMURE  EMULE  EMPTY  EMPTS  
EMOVE  EMOTE  EMONG  EMMYS  EMMEW  EMMET  EMMER  EMMAS  EMITS  EMIRS  
EMEUS  EMERY  EMEND  EMCEE  EMBUS  EMBOX  EMBOW  EMBOG  EMBER  EMBAY  
EMBAR  EMAIL  EMACS  ELVES  ELVER  ELVAN  ELUTE  ELUDE  ELSIN  ELPEE  
ELOPS  ELOPE  ELOIN  ELOGY  ELOGE  ELMEN  ELITE  ELINT  ELIDE  ELIAD  
ELFIN  ELFED  ELEMI  ELEGY  ELECT  ELDIN  ELDER  ELCHI  ELBOW  ELATE  
ELANS  ELAND  ELAIN  EKKAS  EKING  EJECT  EISEL  EILDS  EIKON  EIGNE  
EIGHT  EIDOS  EHING  EGRET  EGMAS  EGGAR  EGEST  EGERS  EGADS  EEVNS  
EEVEN  EERIE  EEJIT  EDUCT  EDUCE  EDITS  EDILE  EDIFY  EDICT  EDGES  
EDGER  EDGED  EDEMA  ECRUS  ECLAT  ECHOS  ECHES  ECHED  ECADS  EBOOK  
EBONY  EBONS  EBBET  EATHE  EATEN  EASTS  EASLE  EASEL  EARTH  EARST  
EARNS  EARLY  EARLS  EARDS  EAGRE  EAGLE  DZHOS  DYNES  DYNEL  DYKEY  
DYKES  DYKED  DYING  DYERS  DYADS  DWINE  DWILE  DWELT  DWELL  DWEEB  
DWAUM  DWARF  DWANG  DWALM  DWALE  DWAAL  DUXES  DUVET  DUTCH  DUSTY  
DUSTS  DUSKY  DUSKS  DURZI  DURUM  DURST  DURRY  DURRS  DURRA  DUROY  
DUROS  DUROC  DURNS  DURGY  DURES  DURED  DURAS  DURAL  DUPPY  DUPLY  
DUPLE  DUPES  DUPER  DUPED  DUOMO  DUOMI  DUNTS  DUNSH  DUNNY  DUNNO  
DUNKS  DUNGY  DUNGS  DUNES  DUNCH  DUNCE  DUNAM  DUMPY  DUMMY  DUMKY  
DUMKA  DUMBS  DUMBO  DUMAS  DULSE  DULLY  DULLS  DULIA  DULES  DUKKA  
DUKED  DUITS  DUING  DUFUS  DUETT  DUELS  DUDED  DUDDY  DUCTS  DUCKY  
DUCKS  DUCHY  DUCES  DUCAT  DUCAL  DUBBO  DUARS  DUANS  DUALS  DUADS  
DSOMO  DSOBO  DRYLY  DRYER  DRYAD  DRUXY  DRUSY  DRUSE  DRUPE  DRUNK  
DRUMS  DRUID  DRUGS  DRUBS  DROWS  DROWN  DROVE  DROUK  DROPT  DROPS  
DROOP  DROOL  DROOK  DROOG  DROOB  DRONY  DRONE  DROME  DROLL  DROLE  
DROIT  DROIL  DROID  DRIVE  DRIPT  DRIPS  DRINK  DRILY  DRILL  DRIFT  
DRIES  DRIER  DRIED  DRICE  DRIBS  DREYS  DREST  DRESS  DRERE  DRENT  
DREKS  DREGS  DREES  DREED  DRECK  DREAR  DREAM  DREAD  DRAYS  DRAWN  
DRAWL  DRATS  DRAPS  DRAPE  DRANT  DRANK  DRAMS  DRAMA  DRAKE  DRAIN  
DRAIL  DRAGS  DRAFT  DRAFF  DRACO  DRACK  DRABS  DOZEN  DOYLY  DOYEN  
DOWRY  DOWPS  DOWNY  DOWNS  DOWNA  DOWLY  DOWLS  DOWLE  DOWIE  DOWER  
DOWEL  DOWED  DOWDY  DOWDS  DOWAR  DOVIE  DOVER  DOVEN  DOVED  DOUTS  
DOUSE  DOURA  DOUPS  DOUMS  DOUMA  DOULA  DOUKS  DOUGH  DOUCS  DOUCE  
DOUBT  DOUAR  DOTTY  DOTES  DOTER  DOTED  DOTAL  DOSER  DOSEH  DORTY  
DORTS  DORSE  DORSA  DORMY  DORMS  DORKY  DORKS  DORIS  DORIC  DOREE  
DORBS  DORBA  DORAD  DOPEY  DOPES  DOPER  DOPED  DOPAS  DOOZY  DOORS  
DOORN  DOONA  DOOMY  DOOMS  DOOLY  DOOLS  DOOLE  DOOKS  DONUT  DONSY  
DONOR  DONNY  DONNE  DONNA  DONKO  DONGS  DONGA  DONER  DONEE  DONAS  
DONAH  DOMIC  DOMES  DOMED  DOMAL  DOLTS  DOLOS  DOLOR  DOLMA  DOLLY  
DOLLS  DOLIA  DOLES  DOLED  DOLCI  DOLCE  DOITS  DOING  DOILY  DOILT  
DOHYO  DOGMA  DOGIE  DOGGY  DOGGO  DOGEY  DOGES  DOETH  DOEST  DOERS  
DOEKS  DODGY  DODGE  DODDY  DOCOS  DOCKS  DOCHT  DOBRO  DOBRA  DOBLA  
DOBIE  DOBBY  DOATS  DOABS  DJINS  DJINN  DIZZY  DIZEN  DIXIT  DIXIE  
DIWAN  DIVVY  DIVOT  DIVIS  DIVES  DIVED  DIVAS  DIVAN  DITZY  DITTY  
DITTS  DITTO  DITSY  DITES  DITCH  DITAS  DITAL  DISME  DISKS  DISHY  
DISCS  DISCO  DISCI  DISAS  DIRTY  DIRTS  DIRLS  DIRKS  DIRKE  DIRGE  
DIRER  DIRAM  DIPSO  DIPPY  DIOTA  DIOLS  DIODE  DINTS  DINOS  DINNA  
DINKY  DINKS  DINIC  DINGY  DINGS  DINGO  DINGE  DINES  DINER  DINED  
DINAR  DIMPS  DIMLY  DIMES  DIMER  DILLY  DILLS  DILLI  DILDO  DIKEY  
DIKES  DIKER  DIKED  DIKAS  DIGIT  DIGHT  DIFFS  DIETS  DIENE  DIEBS  
DIDST  DIDOS  DIDIE  DICTY  DICTS  DICTA  DICOT  DICKY  DICKS  DICHT  
DICEY  DICES  DICER  DICED  DIBBS  DIAZO  DIARY  DIALS  DIACT  DHUTI  
DHOWS  DHOTI  DHOLS  DHOLL  DHOLE  DHOBI  DHALS  DHAKS  DEXIE  DEXES  
DEWED  DEWAX  DEWAR  DEWAN  DEVOT  DEVON  DEVIL  DEVEL  DEVAS  DEUCE  
DETOX  DETER  DESSE  DESKS  DESHI  DESEX  DERVS  DERTH  DERRY  DERRO  
DEROS  DERNS  DERMS  DERMA  DERIG  DERES  DERED  DERBY  DERAY  DERAT  
DEPTH  DEPOT  DEOXY  DENTS  DENSE  DENIS  DENIM  DENET  DENES  DENAY  
DENAR  DEMUR  DEMPT  DEMOS  DEMON  DEMOB  DEMIT  DEMIC  DEMES  DEMAN  
DELVE  DELTS  DELTA  DELPH  DELOS  DELLY  DELLS  DELIS  DELFT  DELFS  
DELES  DELED  DELAY  DEKKO  DEKES  DEKED  DEITY  DEIST  DEISM  DEILS  
DEIGN  DEIFY  DEIDS  DEICE  DEGUM  DEGAS  DEFOG  DEFIS  DEFFO  DEFER  
DEFAT  DEEVS  DEEVE  DEETS  DEERS  DEERE  DEEPS  DEENS  DEEMS  DEELY  
DEEDY  DEDAL  DECRY  DECOY  DECOS  DECOR  DECKS  DECKO  DECAY  DECAL  
DECAF  DECAD  DEBYE  DEBUT  DEBUS  DEBUG  DEBUD  DEBTS  DEBIT  DEBES  
DEBEL  DEBBY  DEBAR  DEBAG  DEAWY  DEAWS  DEAVE  DEATH  DEASH  DEARY  
DEARS  DEARN  DEARE  DEANS  DEALT  DEALS  DEAIR  DAZES  DAZED  DAYNT  
DAYCH  DAYAN  DAWTS  DAWNS  DAWKS  DAWEN  DAWED  DAWAH  DAVIT  DAVEN  
DAUTS  DAURS  DAUNT  DAULT  DAUDS  DAUBY  DAUBS  DAUBE  DATUM  DATTO  
DATOS  DATES  DATER  DATAL  DASHY  DASHI  DARZI  DARTS  DARRE  DARNS  
DARKY  DARKS  DARIS  DARIC  DARGS  DARGA  DARES  DARER  DARCY  DARBS  
DARAF  DANTS  DANNY  DANKS  DANIO  DANGS  DANCE  DAMPY  DAMPS  DAMNS  
DAMME  DAMES  DAMAR  DAMAN  DALLY  DALLE  DALIS  DALES  DALED  DAKER  
DAISY  DAIRY  DAINT  DAINE  DAILY  DAHLS  DAGOS  DAGGY  DAGGA  DAFFY  
DAFFS  DADOS  DADAH  DACKS  DACHA  DACES  DABBA  CZARS  CYTON  CYTES  
CYSTS  CYNIC  CYMOL  CYMES  CYMAS  CYMAR  CYMAE  CYLIX  CYDER  CYCLO  
CYCLE  CYCAS  CYCAD  CYBER  CYANS  CYANO  CWTCH  CUVEE  CUTUP  CUTTY  
CUTTO  CUTIS  CUTIN  CUTIE  CUTEY  CUTES  CUTER  CUTCH  CUSSO  CUSKS  
CUSHY  CUSEC  CURVY  CURVE  CURST  CURSI  CURSE  CURRY  CURRS  CURNY  
CURNS  CURLY  CURLS  CURLI  CURIO  CURIE  CURIA  CURFS  CURET  CURES  
CURER  CURED  CURDY  CURDS  CURCH  CURBS  CURAT  CUPPY  CUPPA  CUPID  
CUPEL  CUNTS  CUNEI  CUNDY  CUMIN  CUMEC  CULTY  CULTS  CULTI  CULPA  
CULMS  CULLY  CULLS  CULEX  CULET  CULCH  CUKES  CUITS  CUISH  CUING  
CUIFS  CUFFS  CUFFO  CUDDY  CUBIT  CUBIC  CUBES  CUBER  CUBED  CUBEB  
CUBBY  CTENE  CRYPT  CRWTH  CRUVE  CRUSY  CRUST  CRUSH  CRUSE  CRURA  
CRUOR  CRUMP  CRUMB  CRUET  CRUES  CRUEL  CRUDY  CRUDS  CRUDE  CRUCK  
CROZE  CROWS  CROWN  CROWD  CROUT  CROUP  CROST  CROSS  CRORE  CROPS  
CROON  CROOL  CROOK  CRONY  CRONK  CRONE  CROME  CROMB  CROGS  CROFT  
CROCS  CROCK  CROCI  CROAK  CRITS  CRITH  CRISP  CRISE  CRIPE  CRIOS  
CRINE  CRIMS  CRIMP  CRIME  CRIES  CRIER  CRIED  CRICK  CRIBS  CREWS  
CREWE  CREST  CREPY  CREPT  CREPE  CRENA  CREMS  CREME  CREES  CREEP  
CREEL  CREEK  CREED  CREDS  CREDO  CREAM  CREAK  CRAZY  CRAWL  CRATE  
CRASH  CRARE  CRAPY  CRAPS  CRANS  CRANK  CRANE  CRAMS  CRAMP  CRAME  
CRAKE  CRAIG  CRAIC  CRAGS  CRAFT  CRABS  CRAAL  COZIE  COZEY  COZEN  
COYPU  COYLY  COXES  COXAE  COWRY  COWPS  COWLS  COWKS  COWER  COWAN  
COWAL  COVIN  COVEY  COVET  COVER  COVEN  COUTH  COURT  COURS  COURE  
COURD  COURB  COUPS  COUPE  COUNT  COULD  COUGH  COUDE  COUCH  COTTS  
COTTA  COTHS  COTES  COTED  COTAN  COSTE  COSTA  COSIE  COSEY  COSET  
COSED  COSEC  CORSO  CORSE  CORPS  CORNY  CORNU  CORNS  CORNO  CORNI  
CORMS  CORKY  CORKS  CORIA  CORGI  COREY  CORES  CORER  CORED  CORDS  
CORBY  CORBE  CORAM  CORAL  COPSY  COPSE  COPRA  COPPY  COPES  COPER  
COPEN  COPED  COPAY  COPAL  COOZE  COOST  COOPT  COOPS  COONS  COOMY  
COOMS  COOMB  COOLY  COOLS  COOKY  COOKS  COOFS  COOEY  COOEE  COOCH  
CONVO  CONUS  CONTO  CONTE  CONNS  CONNE  CONKY  CONKS  CONIN  CONIC  
CONIA  CONGO  CONGE  CONGA  CONFS  CONEY  CONES  CONED  CONDO  CONCH  
COMUS  COMTE  COMPT  COMPS  COMPO  COMMY  COMMS  COMMO  COMMA  COMIX  
COMIC  COMFY  COMET  COMES  COMER  COMBY  COMBS  COMBO  COMBI  COMBE  
COMAS  COMAL  COMAE  COLZA  COLTS  COLOR  COLON  COLOG  COLLY  COLLS  
COLIN  COLIC  COLEY  COLES  COLED  COLDS  COLBY  COLAS  COKES  COKED  
COITS  COIRS  COINS  COILS  COIGN  COIFS  COHOG  COHOE  COHAB  COGUE  
COGON  COGIE  COFFS  COEDS  CODON  CODEX  CODES  CODER  CODEN  CODED  
CODEC  CODAS  COCOA  COCKY  COCKS  COCCO  COCCI  COCAS  COBZA  COBRA  
COBLE  COBIA  COBBY  COBBS  COATS  COATI  COATE  COAST  COARB  COAPT  
COALY  COALS  COALA  COACT  COACH  CNIDA  CLYPE  CLUNK  CLUNG  CLUMP  
CLUES  CLUED  CLUCK  CLUBS  CLOYE  CLOWS  CLOWN  CLOVE  CLOUT  CLOUS  
CLOUR  CLOUD  CLOTS  CLOTH  CLOTE  CLOSE  CLOPS  CLOOT  CLOOP  CLONS  
CLONK  CLONE  CLOMP  CLOMB  CLOKE  CLOGS  CLOFF  CLODS  CLOAM  CLOAK  
CLIPT  CLIPS  CLIPE  CLINT  CLINK  CLING  CLINE  CLIME  CLIMB  CLIFT  
CLIFF  CLIES  CLIED  CLICK  CLEWS  CLEVE  CLERK  CLEPT  CLEPE  CLEIK  
CLEGS  CLEFT  CLEFS  CLEEP  CLEEK  CLECK  CLEAT  CLEAR  CLEAN  CLAVI  
CLAVE  CLAUT  CLATS  CLAST  CLASP  CLASH  CLARY  CLART  CLARO  CLAPT  
CLAPS  CLANS  CLANK  CLANG  CLAMS  CLAMP  CLAME  CLAIM  CLAGS  CLAES  
CLADS  CLADE  CLACH  CIVVY  CIVIL  CIVIE  CIVIC  CIVET  CIVES  CITES  
CITER  CITED  CITAL  CISTS  CISSY  CISCO  CIRRI  CIRLS  CIRES  CIRCS  
CIRCA  CIPPI  CIONS  CINES  CINCT  CINCH  CIMEX  CIMAR  CILLS  CILIA  
CIGGY  CIGAR  CIELS  CIDES  CIDER  CIDED  CIBOL  CIAOS  CHYND  CHYME  
CHYLE  CHUTE  CHUSE  CHURR  CHURN  CHURL  CHUNK  CHUMS  CHUMP  CHUGS  
CHUFF  CHUFA  CHUCK  CHUBS  CHOWK  CHOUX  CHOUT  CHOTT  CHOTA  CHOSE  
CHORE  CHORD  CHOPS  CHOOM  CHOOK  CHOOF  CHONS  CHOMP  CHOLO  CHOLI  
CHOLA  CHOKY  CHOKO  CHOKE  CHOIR  CHOGS  CHODE  CHOCO  CHOCK  CHIZZ  
CHIVY  CHIVS  CHIVE  CHITS  CHIRT  CHIRR  CHIRO  CHIRM  CHIRL  CHIRK  
CHIPS  CHINS  CHINO  CHINK  CHINE  CHINA  CHIMP  CHIMO  CHIME  CHIMB  
CHILL  CHILI  CHILE  CHILD  CHIKS  CHIEL  CHIEF  CHIDE  CHICO  CHICK  
CHICH  CHICA  CHIBS  CHIAS  CHIAO  CHEWY  CHEWS  CHEVY  CHETH  CHEST  
CHESS  CHERT  CHERE  CHEMO  CHELP  CHELA  CHEKA  CHEFS  CHEEP  CHEEK  
CHECK  CHEAT  CHEAP  CHAYA  CHAWK  CHAVE  CHATS  CHASM  CHASE  CHART  
CHARS  CHARR  CHARK  CHARE  CHARD  CHARA  CHAPT  CHAPS  CHAPE  CHANT  
CHANK  CHANG  CHAMS  CHAMP  CHALS  CHALK  CHAIS  CHAIR  CHAIN  CHAFT  
CHAFF  CHAFE  CHADS  CHADO  CHACO  CHACK  CHACE  CETYL  CETES  CESTI  
CESTA  CESSE  CERTS  CEROS  CERNE  CERIC  CERIA  CERGE  CERES  CERED  
CERCI  CEPES  CEORL  CENTU  CENTS  CENTO  CENSE  CELTS  CELOM  CELLS  
CELLO  CELLI  CELLA  CELEB  CEILS  CEILI  CEIBA  CEDIS  CEDES  CEDER  
CEDED  CEDAR  CECUM  CECAL  CEBID  CEAZE  CEASE  CAXON  CAWKS  CAWED  
CAVIL  CAVIE  CAVES  CAVEL  CAVAS  CAUSE  CAUSA  CAUPS  CAUMS  CAULS  
CAULK  CAULD  CAUKS  CAUDA  CATTY  CATES  CATER  CASUS  CASTS  CASTE  
CASKY  CASKS  CASED  CASCO  CARVY  CARVE  CARTS  CARTE  CARTA  CARSE  
CARRY  CARRS  CARPS  CARPI  CAROM  CAROL  CAROB  CARNY  CARNS  CARLS  
CARLE  CARKS  CARGO  CAREX  CARET  CARES  CARER  CARED  CARDY  CARDS  
CARDI  CARBY  CARBS  CARBO  CARAT  CARAP  CAPUT  CAPUL  CAPOT  CAPOS  
CAPON  CAPLE  CAPIZ  CAPHS  CAPES  CAPER  CAPED  CANTY  CANTS  CANTO  
CANST  CANSO  CANON  CANOE  CANNY  CANNS  CANNA  CANID  CANGS  CANES  
CANER  CANEH  CANED  CANDY  CANAL  CAMUS  CAMPY  CAMPS  CAMPO  CAMPI  
CAMOS  CAMIS  CAMES  CAMEO  CAMEL  CAMAN  CALYX  CALVE  CALPS  CALPA  
CALOS  CALMY  CALMS  CALLS  CALLA  CALKS  CALIF  CALID  CALFS  CAKEY  
CAJUN  CAJON  CAIRN  CAIRD  CAINS  CAIDS  CAHOW  CAGOT  CAGEY  CAGER  
CAGED  CAFFS  CAFES  CAESE  CAECA  CADRE  CADIS  CADIE  CADGY  CADGE  
CADET  CADES  CADEE  CADDY  CACTI  CACKY  CACHE  CACAO  CABRE  CABOC  
CABOB  CABLE  CABIN  CABER  CABBY  CABAS  CABAL  BYWAY  BYTES  BYSSI  
BYRLS  BYRES  BYLAW  BYKES  BYKED  BYDES  BYDED  BWAZI  BWANA  BUZZY  
BUYER  BUXOM  BUTYL  BUTUT  BUTTY  BUTTS  BUTTE  BUTLE  BUTES  BUTEO  
BUTCH  BUSTY  BUSTS  BUSTI  BUSSU  BUSKY  BUSKS  BUSHY  BUSES  BUSED  
BUSBY  BURST  BURSE  BURSA  BURRY  BURRO  BURQA  BUROO  BURNT  BURNS  
BURLY  BURLS  BURKS  BURKE  BURKA  BURIN  BURGS  BURGH  BURET  BURDS  
BURAS  BURAN  BUPPY  BUOYS  BUNYA  BUNTY  BUNTS  BUNNY  BUNNS  BUNKS  
BUNKO  BUNJY  BUNJE  BUNIA  BUNGY  BUNGS  BUNDY  BUNDU  BUNDT  BUNDS  
BUNDH  BUNDE  BUNCO  BUNCH  BUNCE  BUNAS  BUMPY  BUMPS  BUMPH  BUMFS  
BUMBO  BULSE  BULLY  BULLS  BULLA  BULKY  BULKS  BULGY  BULGE  BULBS  
BUKES  BUIST  BUILT  BUILD  BUIKS  BUHRS  BUHLS  BUGLE  BUGGY  BUFOS  
BUFFY  BUFFS  BUFFO  BUFFI  BUFFE  BUFFA  BUDOS  BUDIS  BUDGE  BUDDY  
BUDAS  BUCKU  BUCKS  BUCKO  BUCHU  BUBUS  BUBBA  BUBAL  BUAZE  BUATS  
BRUTS  BRUTE  BRUST  BRUSK  BRUSH  BRUNT  BRUNG  BRUME  BRULE  BRUIT  
BRUIN  BRUGH  BROWS  BROWN  BROTH  BROSY  BROSE  BROOS  BROOM  BROOL  
BROOK  BROOD  BROND  BRONC  BROMO  BROME  BROKE  BROIL  BROGS  BROGH  
BRODS  BROCK  BROCH  BROAD  BRIZE  BRITT  BRITS  BRITH  BRISK  BRISE  
BRIOS  BRINY  BRINS  BRINK  BRING  BRINE  BRIMS  BRILL  BRIKS  BRIGS  
BRIES  BRIER  BRIEF  BRIDE  BRICK  BRIBE  BRIAR  BREWS  BREVE  BRERS  
BRERE  BRENT  BRENS  BREME  BREIS  BREID  BREES  BREER  BREEM  BREED  
BREDS  BREDE  BREAM  BREAK  BREAD  BRAZA  BRAXY  BRAWN  BRAWL  BRAVO  
BRAVI  BRAVA  BRATS  BRAST  BRASH  BRANT  BRANS  BRANK  BRAND  BRAME  
BRAKY  BRAKS  BRAKE  BRAIN  BRAIL  BRAID  BRAGS  BRAES  BRADS  BRACT  
BRACK  BRACH  BRACE  BRAAI  BOYSY  BOYOS  BOYLA  BOYGS  BOYFS  BOYAU  
BOYAR  BOXES  BOXEN  BOWSE  BOWRS  BOWNE  BOWLS  BOWIE  BOWET  BOWER  
BOWEL  BOWED  BOWAT  BOVID  BOUTS  BOUSY  BOUSE  BOURN  BOURG  BOURD  
BOUNS  BOUND  BOULT  BOULE  BOUKS  BOUGH  BOUGE  BOTTY  BOTTS  BOTTE  
BOTHY  BOTEL  BOTCH  BOTAS  BOSUN  BOSSY  BOSON  BOSOM  BOSKY  BOSKS  
BORTZ  BORTY  BORTS  BORON  BORNE  BORNA  BORMS  BORKS  BORIC  BORGO  
BORES  BORER  BOREL  BOREE  BORED  BORDS  BORDE  BORAX  BORAS  BORAL  
BORAK  BOOZE  BOOTY  BOOTS  BOOTH  BOOST  BOOSE  BOORS  BOORD  BOONS  
BOONG  BOOMS  BOOLS  BOOKY  BOOKS  BOOGY  BOOFY  BOODY  BONZE  BONZA  
BONUS  BONNY  BONNE  BONKS  BONIE  BONGS  BONGO  BONEY  BONES  BONER  
BONED  BONDS  BONCE  BOMBS  BOMBO  BOMBE  BOMAS  BOLUS  BOLTS  BOLOS  
BOLLS  BOLIX  BOLES  BOLDS  BOLAS  BOLAR  BOKOS  BOKES  BOKED  BOITE  
BOINK  BOING  BOILS  BOHOS  BOHEA  BOGUS  BOGLE  BOGIE  BOGGY  BOGEY  
BOGAN  BOFFS  BOFFO  BOEUF  BOEPS  BODLE  BODGE  BODES  BODED  BOCKS  
BOCHE  BOCCI  BOCCE  BOCCA  BOBOL  BOBBY  BOBAS  BOBAK  BOBAC  BOATS  
BOAST  BOART  BOARS  BOARD  BOABS  BLYPE  BLUSH  BLURT  BLURS  BLURB  
BLUNT  BLUNK  BLUME  BLUID  BLUFF  BLUEY  BLUET  BLUES  BLUER  BLUED  
BLUDY  BLUDE  BLUBS  BLOWY  BLOWS  BLOWN  BLOTS  BLORE  BLOOP  BLOOM  
BLOOD  BLOND  BLOKE  BLOGS  BLOCS  BLOCK  BLOBS  BLOAT  BLIVE  BLITZ  
BLITE  BLIST  BLISS  BLIPS  BLINY  BLINS  BLINK  BLINI  BLING  BLIND  
BLIMY  BLIMP  BLEYS  BLETS  BLEST  BLESS  BLERT  BLENT  BLEND  BLEES  
BLEEP  BLEED  BLEBS  BLEAT  BLEAR  BLEAK  BLAZE  BLAWN  BLAUD  BLATT  
BLATS  BLATE  BLAST  BLASH  BLASE  BLART  BLARE  BLANK  BLAND  BLAMS  
BLAME  BLAIN  BLAHS  BLAGS  BLAFF  BLAES  BLAER  BLADY  BLADS  BLADE  
BLACK  BIZZY  BIZZO  BIZES  BIVVY  BIVIA  BITTY  BITTS  BITTE  BITSY  
BITOU  BITOS  BITES  BITER  BITCH  BISON  BISKS  BIRTH  BIRSY  BIRSE  
BIRRS  BIROS  BIRLS  BIRLE  BIRKS  BIRDS  BIRCH  BIPOD  BIPED  BIOTA  
BIONT  BIOME  BIOGS  BINTS  BINKS  BINIT  BINGY  BINGS  BINGO  BINGE  
BINES  BINER  BINDS  BINDI  BINAL  BIMBO  BIMAS  BIMAH  BILLY  BILLS  
BILKS  BILGY  BILGE  BILES  BILED  BILBY  BILBO  BIKIE  BIKES  BIKER  
BIKED  BIJOU  BIGOT  BIGLY  BIGHT  BIGHA  BIGGY  BIGGS  BIGAE  BIFID  
BIFFY  BIFFS  BIFFO  BIERS  BIELD  BIDON  BIDIS  BIDET  BIDES  BIDER  
BIDED  BIDDY  BICES  BICEP  BICCY  BIBLE  BIBBS  BIALY  BIALI  BHUTS  
BHUNA  BHOOT  BHELS  BHANG  BHAJI  BEZIL  BEZES  BEZEL  BEWIG  BEWET  
BEVVY  BEVUE  BEVOR  BEVER  BEVEL  BETTY  BETTA  BETON  BETID  BETHS  
BETES  BETEL  BETED  BETAS  BESTS  BESTI  BESOT  BESOM  BESIT  BESET  
BESEE  BESAW  BESAT  BERYL  BERTH  BERRY  BEROB  BERMS  BERME  BERKS  
BERKO  BERGS  BERET  BERES  BERAY  BEPAT  BENTY  BENTS  BENTO  BENNY  
BENNI  BENNE  BENIS  BENET  BENES  BENDY  BENDS  BENCH  BEMUD  BEMIX  
BEMAS  BEMAD  BELTS  BELOW  BELON  BELLY  BELLS  BELLE  BELIE  BELGA  
BELEE  BELCH  BELAY  BELAR  BELAH  BEKAH  BEING  BEIGY  BEIGE  BEGUN  
BEGUM  BEGOT  BEGIN  BEGET  BEGEM  BEGAT  BEGAR  BEGAN  BEGAD  BEFOG  
BEFIT  BEETS  BEERY  BEERS  BEEPS  BEEFY  BEEFS  BEEDI  BEECH  BEDYE  
BEDIM  BEDEW  BEDES  BEDEL  BEDAD  BECKS  BECKE  BECAP  BEBOP  BEAUX  
BEAUT  BEAUS  BEATY  BEATS  BEATH  BEAST  BEARS  BEARE  BEARD  BEANY  
BEANS  BEANO  BEAMY  BEAMS  BEAKY  BEAKS  BEADY  BEADS  BEACH  BAZOO  
BAZAR  BAYOU  BAYLE  BAWTY  BAWRS  BAWNS  BAWLS  BAWDY  BAVIN  BAURS  
BAULK  BAUKS  BAUDS  BATTY  BATTU  BATTS  BATTA  BATON  BATIK  BATHS  
BATHE  BATES  BATED  BATCH  BASTO  BASTI  BASTE  BASTA  BASSY  BASSO  
BASSI  BASSE  BASON  BASKS  BASIS  BASIN  BASIL  BASIC  BASHO  BASER  
BASED  BASAN  BASAL  BARYE  BARRO  BARRE  BARRA  BARPS  BARON  BARNY  
BARNS  BARMY  BARMS  BARKY  BARKS  BARIC  BARGE  BARFS  BARES  BARER  
BARED  BARDY  BARDS  BARDO  BARDE  BARCA  BARBY  BARBE  BAPUS  BANTY  
BANTU  BANTS  BANNS  BANKS  BANJO  BANIA  BANGS  BANES  BANED  BANDY  
BANDS  BANDH  BANDA  BANCS  BANCO  BANAL  BANAK  BAMBI  BALUS  BALUN  
BALTI  BALSA  BALOO  BALMY  BALMS  BALLY  BALLS  BALKY  BALKS  BALES  
BALER  BALED  BALDY  BALDS  BAKRA  BAKES  BAKER  BAKEN  BAJUS  BAJRI  
BAJRA  BAJAN  BAIZE  BAIZA  BAITS  BAITH  BAIRN  BAILS  BAHUT  BAHTS  
BAGIE  BAGHS  BAGGY  BAGEL  BAFTS  BAFFY  BAFFS  BAELS  BADLY  BADGE  
BADDY  BACON  BACKS  BACHS  BACHA  BACCY  BACCO  BACCA  BABUS  BABUL  
BABOO  BABKA  BABEL  BABAS  AZYMS  AZYME  AZYGY  AZURY  AZURN  AZURE  
AZUKI  AZOTH  AZOTE  AZONS  AZOLE  AZOIC  AZLON  AZINE  AZIDO  AZIDE  
AZANS  AYRIE  AYRES  AYONT  AYINS  AYGRE  AYELP  AYAHS  AXONS  AXONE  
AXOID  AXMEN  AXMAN  AXLES  AXLED  AXITE  AXION  AXIOM  AXILS  AXILE  
AXIAL  AXELS  AWORK  AWOLS  AWOKE  AWNER  AWNED  AWMRY  AWFUL  AWETO  
AWEEL  AWDLS  AWAYS  AWAVE  AWATO  AWASH  AWARN  AWARE  AWARD  AWAKE  
AWAIT  AVYZE  AVOWS  AVOID  AVIZE  AVISO  AVISE  AVION  AVINE  AVIAN  
AVGAS  AVERT  AVERS  AVENS  AVELS  AVAST  AVANT  AVALE  AVAIL  AUXIN  
AUTOS  AURUM  AURIS  AURIC  AURES  AUREI  AURAS  AURAR  AURAL  AURAE  
AUNTY  AUNTS  AUNES  AUMIL  AULOS  AULOI  AULIC  AULAS  AUGUR  AUGHT  
AUGER  AUDIT  AUDIO  AUDAD  ATUAS  ATTIC  ATTAR  ATTAP  ATRIP  ATRIA  
ATOPY  ATONY  ATONE  ATOMY  ATOMS  ATOLL  ATOKS  ATOKE  ATOCS  ATMAS  
ATMAN  ATLAS  ATIMY  ATILT  ATIGI  ATAXY  ATAPS  ASYLA  ASWIM  ASWAY  
ASTUN  ASTIR  ASTER  ASSOT  ASSEZ  ASSET  ASSAY  ASSAM  ASSAI  ASPRO  
ASPIS  ASPIC  ASPER  ASPEN  ASKOS  ASKOI  ASKEW  ASKER  ASKED  ASIDE  
ASHET  ASHES  ASHEN  ASHED  ASDIC  ASCUS  ASCOT  ASANA  ARYLS  ARVOS  
ARVAL  ARUMS  ARUHE  ARTSY  ARTIS  ARTIC  ARTEL  ARTAL  ARSON  ARSIS  
ARSEY  ARSES  ARSED  ARROW  ARRIS  ARRET  ARRAY  ARRAS  ARRAH  ARPEN  
ARPAS  AROSE  AROMA  AROID  AROHA  AROBA  ARNUT  ARNAS  ARMOR  ARMIL  
ARMET  ARMER  ARMED  ARLES  ARLED  ARKED  ARISH  ARISE  ARIOT  ARILS  
ARIKI  ARIEL  ARIAS  ARHAT  ARGUS  ARGUE  ARGOT  ARGON  ARGOL  ARGLE  
ARGIL  ARGAN  ARGAL  ARETT  ARETS  ARETE  ARERE  AREPA  ARENE  ARENA  
AREIC  AREFY  AREDE  AREDD  ARECA  AREAS  AREAR  AREAL  AREAE  AREAD  
ARDRI  ARDOR  ARDEB  ARCUS  ARCED  ARBOR  ARBAS  ARARS  ARAME  ARAKS  
ARABA  AQUAE  APTLY  APTER  APTED  APSOS  APSIS  APSES  APRON  APRES  
APPUY  APPUI  APPRO  APPLY  APPLE  APPEL  APPAY  APPAL  APORT  APOOP  
APODS  APODE  APNEA  APISM  APISH  APIOL  APIAN  APHIS  APHID  APGAR  
APERY  APERT  APERS  APEEK  APEAK  APAYS  APAYD  APART  APAID  APAGE  
APACE  AORTA  ANYON  ANVIL  ANTSY  ANTRE  ANTRA  ANTIS  ANTIC  ANTES  
ANTED  ANTAS  ANTAR  ANTAE  ANSAE  ANOMY  ANODE  ANOAS  ANNUL  ANNOY  
ANNEX  ANNAT  ANNAS  ANNAL  ANLAS  ANKUS  ANKHS  ANKER  ANISE  ANION  
ANIMI  ANIME  ANIMA  ANILS  ANILE  ANIGH  ANGST  ANGRY  ANGLO  ANGLE  
ANGER  ANGEL  ANGAS  ANENT  ANELE  ANEAR  ANDRO  ANCON  ANCLE  ANCHO  
ANATA  ANANA  AMYLS  AMUSE  AMUCK  AMRIT  AMPUL  AMPLY  AMPLE  AMPED  
AMOWT  AMOVE  AMOUR  AMORT  AMONG  AMOLE  AMOKS  AMNIO  AMNIC  AMNIA  
AMMOS  AMMON  AMMAN  AMLAS  AMITY  AMISS  AMIRS  AMINS  AMINO  AMINE  
AMIGO  AMIGA  AMIES  AMIDS  AMIDO  AMIDE  AMICI  AMICE  AMIAS  AMENT  
AMENS  AMENE  AMEND  AMEER  AMEBA  AMBRY  AMBOS  AMBLE  AMBIT  AMBER  
AMBAN  AMAZE  AMAUT  AMATE  AMASS  AMAIN  AMAHS  ALWAY  ALURE  ALUMS  
ALULA  ALTOS  ALTHO  ALTER  ALTAR  ALPHA  ALOWE  ALOUD  ALOOF  ALONG  
ALONE  ALOIN  ALOHA  ALOFT  ALOES  ALOED  ALODS  ALMUG  ALMUD  ALMES  
ALMEH  ALMAH  ALLYL  ALLOY  ALLOW  ALLOT  ALLOD  ALLIS  ALLEY  ALLEL  
ALLEE  ALLAY  ALKYL  ALKYD  ALKOS  ALKIE  ALIYA  ALIVE  ALIST  ALINE  
ALIKE  ALIGN  ALIFS  ALIEN  ALIBI  ALIAS  ALGUM  ALGOR  ALGIN  ALGID  
ALGAS  ALGAL  ALGAE  ALFAS  ALEYE  ALEWS  ALERT  ALEPH  ALEFT  ALEFS  
ALECS  ALECK  ALDOL  ALDER  ALDEA  ALCOS  ALCID  ALBUM  ALBEE  ALBAS  
ALAYS  ALATE  ALARY  ALARM  ALAPS  ALAPA  ALANT  ALANS  ALANG  ALANE  
ALAND  ALAMO  ALACK  ALAAP  AKITA  AKING  AKENE  AKELA  AJWAN  AJUGA  
AJIVA  AIZLE  AIVER  AITUS  AITCH  AISLE  AIRTS  AIRTH  AIRNS  AIRER  
AIRED  AIOLI  AINGA  AINEE  AIMER  AIMED  AILED  AIGAS  AIERY  AIDOS  
AIDOI  AIDES  AIDER  AIDED  AHURU  AHULL  AHOLD  AHINT  AHING  AHIND  
AHIGH  AHENT  AHEAP  AHEAD  AGUTI  AGUES  AGRIN  AGRIA  AGREE  AGORA  
AGOOD  AGONY  AGONS  AGONE  AGOGE  AGMAS  AGLUS  AGLOW  AGLOO  AGLEY  
AGLET  AGLEE  AGITA  AGIST  AGISM  AGIOS  AGING  AGILE  AGILA  AGHAS  
AGGRY  AGGRO  AGGRI  AGGIE  AGGER  AGERS  AGENT  AGENE  AGAZE  AGAVE  
AGATE  AGAST  AGARS  AGAPE  AGAMI  AGAMA  AGAIN  AFTER  AFROS  AFRIT  
AFOUL  AFORE  AFOOT  AFLAJ  AFIRE  AFFIX  AFEAR  AFARS  AFARA  AFALD  
AESIR  AEROS  AERIE  AEONS  AEGIS  AEDES  AECIA  ADZES  ADZED  ADYTA  
ADVEW  ADUST  ADUNC  ADULT  ADUKI  ADSUM  ADRED  ADRAD  ADOZE  ADOWN  
ADORN  ADORE  ADOPT  ADOBO  ADOBE  ADMIX  ADMIT  ADMIN  ADMEN  ADMAN  
ADITS  ADIOS  ADIEU  ADHAN  ADEPT  ADEEM  ADDLE  ADDIO  ADDER  ADDED  
ADDAX  ADAYS  ADAWS  ADAPT  ADAGE  ACYLS  ACUTE  ACTOR  ACTON  ACTIN  
ACTED  ACRID  ACRES  ACRED  ACORN  ACOLD  ACOCK  ACNES  ACNED  ACMIC  
ACMES  ACKER  ACKEE  ACINI  ACING  ACIDY  ACIDS  ACHOO  ACHES  ACHED  
ACETA  ACERS  ACERB  ACCOY  ACCAS  ACARI  ACAIS  ABYSS  ABYSM  ABYES  
ABUZZ  ABUTS  ABUSE  ABUNE  ABUNA  ABSIT  ABSEY  ABRIS  ABRIN  ABRIM  
ABRAY  ABRAM  ABOVE  ABOUT  ABORT  ABORE  ABORD  ABOON  ABOMA  ABOIL  
ABOHM  ABODE  ABMHO  ABLOW  ABLET  ABLES  ABLER  ABLED  ABIES  ABIDE  
ABHOR  ABETS  ABELE  ABEAR  ABEAM  ABCEE  ABBOT  ABBEY  ABBES  ABBED  
ABBAS  ABAYA  ABATE  ABASK  ABASH  ABASE  ABAND  ABAMP  ABAKA  ABAFT  
ABACS  ABACK  ABACI  ABACA  AARTI  AARGH  AALII  