ZYMES  ZURFS  ZUPAS  ZOWIE  ZOUKS  ZORIS  ZOPPA  ZOONS  ZOOMS  ZOOKS  
ZOOEY  ZONKS  ZONES  ZONER  ZONED  ZONDA  ZOIST  ZOBUS  ZOBOS  ZIZIT  
ZIZEL  ZIPPY  ZIPPO  ZINKY  ZINKE  ZINGY  ZINGS  ZINES  ZINCS  ZILLS  
ZILCH  ZIGAN  ZIFFS  ZIBET  ZEZES  ZEXES  ZETAS  ZESTY  ZESTS  ZEROS  
ZERKS  ZERDA  ZEINS  ZEBRA  ZEALS  ZAZEN  ZAYIN  ZAXES  ZARFS  ZAPPY  
ZANZE  ZANZA  ZANJA  ZAMIA  ZAMBO  ZACKS  ZABRA  YUZUS  YURTS  YUPPY  
YUMPS  YUMMY  YULES  YUKKY  YUKES  YUKED  YUGAS  YUFTS  YUCKY  YUCKS  
YUCAS  YUANS  YRENT  YRAPT  YOWLS  YOWIE  YOWES  YOWED  YOUSE  YOURS  
YOUKS  YORPS  YORKS  YORES  YOOPS  YOOFS  YONKS  YOMPS  YOLKS  YOKES  
YOKER  YOKED  YOJAN  YOGHS  YOGAS  YOCKS  YMPES  YLKES  YLIKE  YLEMS  
YITES  YIRRS  YIRKS  YIRDS  YIPPY  YIPES  YILLS  YIKES  YIKED  YEXES  
YEXED  YEVES  YESTS  YESES  YERKS  YERBA  YELTS  YELMS  YELLS  YELKS  
YEGGS  YEDES  YECHS  YEARS  YEANS  YEAHS  YEADS  YCLED  YAWPS  YAWNY  
YAWNS  YAWLS  YAWEY  YAWED  YAUPS  YAUDS  YATES  YARRS  YARNS  YARKS  
YARFA  YARER  YARDS  YARCO  YAPPY  YAPPS  YAPON  YANKS  YANGS  YAMUN  
YAMPY  YALES  YAKOW  YAKKA  YAHOO  YAGER  YAFFS  YACKS  YACKA  YACCA  
YABBY  YABBA  XERUS  XENIC  WYTES  WYTED  WYLES  WYLED  WUSSY  WUSES  
WURST  WULLS  WRYER  WROKE  WRITS  WRING  WRIES  WRIER  WRIED  WRICK  
WREST  WREAK  WRATE  WRAPT  WRAPS  WRANG  WRACK  WOXEN  WOWED  WOVEN  
WOUND  WOULD  WORTS  WORSE  WORMY  WORMS  WORKS  WORDS  WOOZY  WOOSE  
WOOPS  WOONS  WOOLY  WOOLS  WOOFY  WOOFS  WOOED  WOODY  WOODS  WONTS  
WONKY  WONKS  WONGA  WOMEN  WOMBY  WOMBS  WOLLY  WOLFS  WOLDS  WOKKA  
WOKEN  WODGE  WOCKS  WIZES  WIZEN  WIVES  WIVER  WIVED  WITTY  WITHS  
WITHE  WITES  WITED  WITCH  WISTS  WISES  WIRES  WIRER  WIRED  WIPES  
WIPER  WINZE  WINOS  WINKS  WINGY  WINGS  WINGE  WINES  WINED  WINDS  
WINCH  WINCE  WIMPY  WIMPS  WILTS  WILLY  WILLS  WILJA  WILGA  WILES  
WILED  WILDS  WILCO  WIGHT  WIGGY  WIGGA  WIFTY  WIFIE  WIFES  WIFED  
WIELD  WIDES  WIDER  WIDDY  WICKY  WICKS  WHOPS  WHIZZ  WHITE  WHINE  
WHILE  WHIGS  WHEWS  WHETS  WHERE  WHELP  WHELM  WHELK  WHATS  WHARF  
WHARE  WHAPS  WHANG  WHALE  WEXES  WEXED  WETAS  WESTS  WEROS  WENTS  
WENNY  WENGE  WENDS  WENCH  WEMBS  WELTS  WELLY  WELLS  WELKS  WELDS  
WEKAS  WEILS  WEFTS  WEETS  WEEPS  WEENS  WEEMS  WEELS  WEEKS  WEEDS  
WEDGY  WEDGE  WECHT  WEBER  WEBBY  WEAVE  WEARS  WEANS  WEALS  WAZOO  
WAYED  WAXES  WAXER  WAXEN  WAXED  WAWLS  WAWES  WAWAS  WAVEY  WAVES  
WAVER  WAVED  WAURS  WAULS  WAULK  WAUKS  WAUGH  WAUFF  WATTS  WATER  
WATCH  WASTS  WASTE  WASPY  WASPS  WASMS  WASHY  WASES  WARTS  WARRE  
WARPS  WARNS  WARMS  WARKS  WAREZ  WARES  WARED  WARDS  WARBS  WAQFS  
WANZE  WANTY  WANTS  WANNA  WANLY  WANKY  WANKS  WANGS  WANES  WANED  
WANDS  WAMUS  WAMES  WAMED  WALLY  WALLS  WALKS  WALIS  WALES  WALER  
WALED  WALDS  WAKFS  WAKES  WAKER  WAKEN  WAKED  WAKAS  WAIVE  WAITS  
WAIRS  WAINS  WAILS  WAIFS  WAHOO  WAGON  WAGGA  WAGES  WAGER  WAGED  
WAFTS  WAFFS  WAFER  WADTS  WADIS  WADES  WADER  WADED  WADDY  WADDS  
WACKY  WACKS  WACKO  VYING  VUTTY  VUGHY  VUGHS  VUGGY  VUGGS  VROWS  
VROUW  VROUS  VROOM  VOXEL  VOWER  VOWED  VOUGE  VOTES  VOTED  VOMER  
VOLTS  VOLKS  VOLES  VOLED  VOLAR  VOILA  VOGUE  VOGIE  VOCES  VOCAB  
VLIES  VIZOR  VIXEN  VIVES  VIVER  VIVAS  VITAS  VITAL  VISNE  VISES  
VIRUS  VIRLS  VIRES  VIRED  VIPER  VINTS  VINOS  VINEW  VINES  VINER  
VINED  VINAS  VILLS  VILER  VIGAS  VIEWS  VIERS  VICHY  VICES  VICED  
VIBEX  VIBES  VEXES  VEXER  VEXED  VETCH  VESTS  VERVE  VERTS  VERSE  
VERRY  VERGE  VERBS  VENUS  VENTS  VENGE  VENDS  VELLS  VELES  VELDS  
VEINS  VEILS  VEGOS  VEGES  VEGAS  VEERS  VEEPS  VEALS  VAUTS  VAUNT  
VAULT  VAUCH  VATUS  VATIC  VASTY  VASTS  VASES  VARVE  VARUS  VARNA  
VARIX  VARES  VARDY  VARAS  VAPOR  VAPID  VANTS  VANGS  VANES  VANED  
VANDA  VAMPY  VAMPS  VALVE  VALIS  VALID  VALES  VAKIL  VAIRY  VAIRS  
VAILS  VAGUS  VAGUE  VAGAL  VADES  VADED  VACUA  UTTER  URGES  URGER  
URGED  URATE  UPTIE  UPTER  UPSET  UPPER  UNWET  UNWED  UNSEX  UNSEW  
UNKET  UNGAG  UNFIX  UNFED  UNDER  UNBAG  UMPED  UMBER  ULANS  UKASE  
UGGED  UDDER  TZARS  TYPES  TYKES  TWYER  TWAYS  TUXES  TURMS  TURKS  
TURFS  TUPEK  TUFFS  TUBES  TUBER  TRYER  TROYS  TROWS  TROVE  TRONK  
TROGS  TROCK  TRIKE  TRICE  TRIBE  TREWS  TRAYS  TRAVE  TRAPS  TRAMS  
TRADS  TRABS  TOZES  TOZED  TOYOS  TOYER  TOYED  TOWZE  TOWER  TOWED  
TOUZY  TORCS  TOPHS  TOPES  TONKS  TOMBS  TOKOS  TOKES  TOKER  TOKED  
TOHOS  TOGES  TOGED  TOFTS  TOFFY  TOFFS  TOCKY  TIZZY  TINKS  TINGS  
TIKES  TIGES  TIGER  TIFFS  TICKY  TICHY  TICES  TICED  THAWS  TEXES  
TEUGH  TEGUS  TEGGS  TEFFS  TEAKS  TAZZA  TAXUS  TAXIS  TAXES  TAXER  
TAXED  TAWTS  TAWSE  TAWER  TAWED  TAWAS  TAVER  TAVAS  TAUTS  TATHS  
TAPUS  TAPIS  TAPES  TANKY  TANHS  TAMPS  TALKY  TALKS  TAKIS  TAKES  
TAKER  TAKAS  TAJES  TAHOU  TAGGY  TAFFY  TACTS  TACKY  TACKS  TACHS  
TABUS  TABIS  TABES  TABER  SYVER  SYPES  SYPED  SYKES  SYKER  SYCES  
SWOTS  SWORE  SWOPT  SWOPS  SWONE  SWOBS  SWIVE  SWIRL  SWIPE  SWINK  
SWINE  SWILL  SWIGS  SWIES  SWEYS  SWELT  SWELL  SWEER  SWEED  SWEAR  
SWEAL  SWAYS  SWAYL  SWATS  SWASH  SWART  SWARM  SWARF  SWARE  SWAPS  
SWANS  SWANK  SWAMP  SWALY  SWALE  SWAIN  SWAIL  SWAGS  SWAGE  SWADS  
SWACK  SWABS  SUKHS  SUGHS  SUCKS  SUBHA  SUBER  SUAVE  STUMS  STUFF  
STUBS  STREW  STRAW  STRAP  STRAG  STOWS  STOWP  STOWN  STOVE  STOPT  
STOPE  STOOK  STONK  STOKE  STIVE  STEWY  STEWS  STEMS  STEME  STEEM  
STEEK  STEAM  STEAK  STAWS  STAVE  STAPH  STAKE  STAGS  STAGE  STAFF  
STACK  STABS  SQUIZ  SQUEG  SQUAW  SQUAD  SQUAB  SPUGS  SPUES  SPUER  
SPREW  SPRED  SPRAG  SPOOF  SPOKE  SPIVS  SPITS  SPINS  SPIMS  SPIKS  
SPIKE  SPIFS  SPIES  SPIED  SPICS  SPEWY  SPEWS  SPETS  SPEKS  SPEER  
SPECK  SPAZZ  SPAYS  SPAWS  SPAWN  SPAWL  SPARK  SPARE  SPAMS  SPAKE  
SPAGS  SPACE  SOYLE  SOYAS  SOWTH  SOWMS  SOWLE  SOWFS  SOWCE  SOUPY  
SOUKS  SORBS  SOPPY  SOPHY  SOJAS  SOGGY  SOFAS  SOBAS  SNOWS  SNOOK  
SNOBS  SNIPS  SNIGS  SNIBS  SNAWS  SNARF  SNAGS  SNABS  SMUTS  SMUGS  
SMOWT  SMORE  SMOOT  SMOGS  SMITS  SMITE  SMEWS  SMAZE  SMART  SMALM  
SMALL  SLUFF  SLUBS  SLOWS  SLIVE  SLIME  SLEYS  SLEWS  SLAYS  SLAWS  
SLAVE  SLAKE  SLAGS  SLABS  SKYRE  SKYER  SKYED  SKUGS  SKOFF  SKIVE  
SKITS  SKITE  SKIPS  SKINS  SKIMS  SKIES  SKIER  SKIED  SKIDS  SKEWS  
SKETS  SKENE  SKELL  SKELF  SKEGS  SKEER  SKEEF  SKEAR  SKAWS  SKATT  
SKATS  SKATE  SKART  SKALD  SKAIL  SKAGS  SIZES  SIZER  SIZED  SIXTE  
SIXES  SIXER  SIVER  SIPES  SINKS  SINHS  SIMBA  SILEX  SIKES  SIGHS  
SICKS  SICES  SIBBS  SHREW  SHOWY  SHOWS  SHOVE  SHIVS  SHIVA  SHITS  
SHIPS  SHIMS  SHEWS  SHEDS  SHAYS  SHAWS  SHAWM  SHAWL  SHAVE  SHAPS  
SHAMS  SHAME  SHALM  SHAKE  SHAHS  SHAGS  SHAFT  SEXTS  SEXER  SEVER  
SEVEN  SEPTS  SEPTA  SENVY  SEKTS  SEGUE  SEEKS  SECHS  SEBUM  SCYES  
SCUPS  SCUMS  SCUGS  SCUDS  SCROW  SCREW  SCRAW  SCRAG  SCRAB  SCOWS  
SCOWP  SCOUT  SCOUG  SCOTS  SCORE  SCOPE  SCOOT  SCOGS  SCOFF  SCENT  
SCAWS  SCAUP  SCART  SCARF  SCARE  SCAPE  SCANS  SCAMS  SCAMP  SCALP  
SCALL  SCALE  SCAGS  SCAFF  SCABS  SAZES  SAXES  SAWER  SAWED  SAVVY  
SAVES  SAVER  SAVED  SAPPY  SANGS  SAMMY  SAMFU  SALMI  SALIX  SAKIS  
SAKES  SAKER  SAJOU  SAICS  SAGUM  SAGGY  SAGES  SAFES  SAFER  SAFED  
SADZA  SABES  RYKES  RYKED  RUNGS  RUMES  RUFFS  RUCKS  RUBUS  RUBES  
ROWTS  ROWME  ROWER  ROWED  ROVES  ROVER  ROVED  ROUGE  ROQUE  ROPES  
ROOMS  ROOKS  ROOFS  ROKES  ROKED  ROGUE  RODES  ROBLE  ROBES  RIVES  
RIVER  RIVED  RIPES  RIPED  RINKS  RIMES  RIGGS  RIFFS  RIFER  RICKS  
RICES  RICED  RIBES  REXES  REWAX  REVEL  RETAX  REMIX  REMEX  REJON  
REHEM  REHAB  REGOS  REGNA  REGMA  REFIX  REFIT  REFFO  REFED  REEFS  
REDUX  RECKS  RECIT  RECAP  REBUY  REBUS  REBIT  REBEC  REBBE  REAMS  
REAKS  READD  REACH  RAZES  RAZER  RAZEE  RAZED  RAYED  RAXES  RAXED  
RAWER  RAVIN  RAVES  RAVER  RAVED  RANKE  RAKIS  RAKES  RAKER  RAKED  
RAJES  RAJAS  RAIKS  RAIDS  RAHED  RAGGY  RAGGS  RAGES  RAGED  RAGDE  
RAGAS  RAFFS  RADGE  RABIS  RABID  QUOPS  QUOLL  QUINS  QUINE  QUIMS  
QUIDS  QUEUE  QUEST  QUEME  QUATS  QUAGS  QUAFF  QOPHS  QAIDS  QADIS  
PYXES  PYNES  PYATS  PURES  PUPUS  PUMPS  PULLS  PULKS  PUKUS  PUKES  
PUKER  PUJAS  PUHAS  PUFFY  PUFFS  PUCKS  PUCES  PUBES  PROWS  PROWL  
PROVE  PROPS  PROMS  PROGS  PROFS  PROBE  PRIZE  PRIVY  PRIES  PREYS  
PREXY  PREPS  PREMS  PRAYS  PRAUS  PRANK  PRAMS  POZZY  POXES  POXED  
POWNS  POWER  POWAN  POUTS  POUKS  POUKE  POUFS  POTTS  POTES  POTED  
POSEY  POSES  POSED  PORNS  PORKY  PORKS  PORES  POPSY  POPPY  POPES  
POOVY  POOKS  POOHS  POOFY  POOFS  PONKS  PONGS  PONES  POMMY  POMES  
POMBE  POLYS  POLTS  POLLS  POLKS  POLJE  POLES  POKIE  POKEY  POKES  
POKER  POGOS  POGGE  PODGY  PODEX  POCKY  POCKS  PLYER  PLUES  PLOYS  
PLOWS  PLOPS  PLIMS  PLEWS  PLAYS  PLAPS  PIZES  PIZED  PIXIE  PIXES  
PIRLS  PIQUE  PIPAS  PIOYS  PINES  PIMPS  PIMAS  PILLS  PILAW  PIKUL  
PIKES  PIKER  PIKAS  PIGMY  PIGHT  PIGGY  PIERS  PICKS  PICAS  PHOHS  
PEYSE  PERVS  PERVE  PERPS  PERMS  PERKY  PERKS  PERES  PENTS  PELLS  
PELFS  PEKES  PEGGY  PECHS  PEAZE  PEAVY  PEARS  PEAKS  PEAGS  PAYOR  
PAYER  PAYED  PAXES  PAWNS  PAWLS  PAWKY  PAWKS  PAWER  PAWED  PAWAW  
PAWAS  PAVIS  PAVES  PAVER  PAVEN  PAVED  PAVAN  PAULS  PATUS  PATTY  
PATHS  PATES  PATER  PARVO  PARRY  PARPS  PARKY  PARKS  PARKI  PARIS  
PARGO  PARES  PARED  PARDY  PARDS  PARCH  PAPPI  PAPES  PAPAW  PAPAS  
PANTY  PANTS  PANGS  PANDS  PALPS  PALMY  PALMS  PAKKA  PAIKS  PAGRI  
PAGES  PAGER  PAGED  PADIS  PADDY  PACTS  PACKS  PACHA  PACES  OXTER  
OXERS  OWNER  OVERS  OUPAS  OPTER  OOZES  OOZED  ONCES  OKTAS  OFTER  
OFLAG  OFFER  OFAYS  OCTAS  OCKER  OCHES  OCHER  OAVES  OAKED  NUDES  
NOYES  NOYED  NOXES  NOXAL  NOWED  NOSES  NORKS  NOMES  NOGGS  NIXIE  
NIXES  NIXER  NIQAB  NIPAS  NIGHS  NIGER  NIFFS  NEXUS  NEVUS  NERKS  
NERKA  NEGUS  NECKS  NAZIS  NAZES  NAVVY  NAVEW  NAVES  NAUCH  NARKY  
NARKS  NARIC  NARDS  NARCO  NAPES  NAPED  NANCY  NAMED  NAKFA  NAKER  
NAKED  NAIRU  NAGGY  NAGAS  NABES  MZEES  MUZZY  MUXES  MUXED  MUTIS  
MUSKS  MUSHY  MURRS  MURLS  MURKY  MURKS  MURES  MURED  MULSE  MULLS  
MULES  MUGGY  MUGGS  MUFFS  MUDDY  MOZOS  MOZES  MOZED  MOYAS  MOXIE  
MOXAS  MOWER  MOWED  MOWAS  MOVES  MOVER  MOVED  MOUSY  MOUSE  MOTTS  
MOTHS  MOTES  MOTED  MOSEY  MOSES  MOSED  MORTS  MORSE  MORNS  MORES  
MORAL  MOPUS  MOPSY  MOPPY  MOPES  MOPER  MOPED  MOOTS  MOOPS  MOONS  
MOOLS  MOOKS  MONKS  MONGS  MONEY  MOMMY  MOMES  MOLTS  MOLLY  MOLLS  
MOLES  MOLDS  MOKES  MOJOS  MOITS  MOILS  MOHUA  MOGGY  MODES  MOCKS  
MOCHY  MOCHS  MOBES  MOBBY  MIZZY  MIXES  MIXER  MIXEN  MIXED  MITES  
MITCH  MIRVS  MIRKS  MINKS  MINKE  MINGS  MINES  MINAS  MIMES  MILLS  
MILKS  MIKES  MIKED  MIHIS  MIGHT  MIGGS  MIFFY  MIFFS  MICAS  MEZZE  
MEZES  MEVES  MERKS  MERGE  MERES  MERCS  MENSE  MENES  MELTS  MELLS  
MEFFS  MEERS  MECKS  MEATS  MEASE  MEARE  MEANS  MEALS  MAZUT  MAZEY  
MAZES  MAZER  MAZED  MAYED  MAYBE  MAYAS  MAXIS  MAXIM  MAXES  MAXED  
MAWKY  MAWKS  MAWED  MAVIS  MAVIN  MAVEN  MAUVE  MAUTS  MAULS  MAUDS  
MAUBY  MATHS  MATES  MATER  MATED  MASKS  MASES  MARVY  MARTS  MARMS  
MARLY  MARKS  MARGS  MARES  MARDY  MARCS  MARCH  MAQUI  MAPAU  MANTO  
MANKY  MANGY  MANGS  MANGO  MANGA  MANES  MANEH  MANED  MAMMY  MAMBO  
MAMBA  MAMAS  MALVA  MALMY  MALMS  MALLS  MALES  MALAX  MALAM  MAKOS  
MAKIS  MAKES  MAKER  MAJOR  MAINS  MAIMS  MAILS  MAIKS  MAIDS  MAHWA  
MAGMA  MAGIC  MAGGS  MAGES  MAFIC  MACON  MACKS  MACHS  MACHO  MACES  
MABES  LYTED  LUXES  LUPUS  LUMPS  LUGES  LUFFS  LUCES  LUBES  LOXES  
LOXED  LOWPS  LOWES  LOWER  LOWED  LOVES  LOVER  LOVED  LOUMA  LOPES  
LOPER  LOOKS  LOOFS  LOKES  LOGES  LOFTS  LOCHS  LOBUS  LOBOS  LOBES  
LOBED  LIVES  LIVER  LIVED  LIPOS  LINKS  LINGS  LIMPS  LIMOS  LIKES  
LIKER  LIKED  LIFES  LIFER  LICKS  LIBER  LEZZA  LEZES  LEXIS  LEXES  
LEAZE  LEAVY  LEAVE  LEAMS  LEAKS  LEAFY  LEAFS  LAZES  LAZED  LAYUP  
LAYER  LAYED  LAXLY  LAXES  LAXER  LAWNY  LAWKS  LAWIN  LAWER  LAWED  
LAVRA  LAVES  LAVER  LAVED  LAUGH  LAUFS  LAUCH  LARVA  LARUM  LARKY  
LARKS  LANKY  LANCH  LAMMY  LAMBY  LAMBS  LAKIN  LAKHS  LAKES  LAKER  
LAKED  LAIKS  LAIGH  LAGER  LACKS  LACES  LACER  LACED  LABIS  KYTHE  
KYTES  KYNDE  KYLES  KYATS  KYARS  KYAKS  KUZUS  KUTIS  KUTCH  KURUS  
KULAS  KUKUS  KUFIS  KRONE  KRILL  KREWE  KREEP  KRANZ  KRANS  KRANG  
KRAFT  KRABS  KOTCH  KOSES  KORUS  KORES  KORAS  KOPJE  KOPHS  KOOKY  
KOOKS  KONKS  KOLOS  KOLAS  KOKER  KOHLS  KOHAS  KOFFS  KOBOS  KNOWS  
KNOPS  KNOBS  KNIVE  KNITS  KNARS  KNAGS  KLIKS  KLAPS  KIWIS  KIVAS  
KITTY  KITHE  KITES  KITER  KITED  KISTS  KIRKS  KIPES  KINKY  KINKS  
KINGS  KINES  KINDS  KINAS  KILTS  KILNS  KILLS  KIKOI  KIKES  KIGHT  
KIERS  KIDDY  KICKY  KICKS  KIBES  KHAZI  KHATS  KHANS  KHAFS  KEYED  
KEXES  KETAS  KESTS  KERVE  KERRY  KEROS  KERNS  KERNE  KERMA  KERKY  
KERFS  KERBS  KENTS  KENTE  KEMPS  KEMBS  KELTS  KELPS  KELLY  KELLS  
KEETS  KEEPS  KEEKS  KEEFS  KEECH  KECKS  KEBAR  KBARS  KAZOO  KAZIS  
KAYOS  KAYLE  KAYAK  KAWED  KAWAU  KAWAS  KAVAS  KAURI  KAUGH  KARZY  
KARTS  KARNS  KARKS  KARAS  KAPOK  KAPHS  KAPAS  KANZU  KANJI  KANGS  
KANGA  KANES  KANDY  KAMME  KAMIS  KAMIK  KAMES  KAMAS  KALIS  KALES  
KALAM  KAKIS  KAKAS  KAINS  KAIMS  KAILS  KAIKS  KAIKA  KAIFS  KAIDS  
KAHAL  KAGUS  KAGOS  KAFIR  KADIS  KADES  KACHA  KABOB  KABAB  JUVES  
JUTTY  JUTES  JUSTS  JURAL  JUPES  JUNKY  JUNKS  JUMPY  JUMPS  JUMBY  
JUMBO  JUKUS  JUKES  JUKED  JUJUS  JUGAL  JUDGE  JUDAS  JUBES  JUBAS  
JOYED  JOWLS  JOWED  JOURS  JOULE  JOUKS  JOUGS  JOUAL  JOTTY  JORAM  
JOOKS  JONGS  JONES  JOMOS  JOLTY  JOLTS  JOLLY  JOLLS  JOLES  JOLED  
JOKEY  JOKES  JOKER  JOKED  JOIST  JOINS  JOHNS  JOCKS  JOBES  JOBED  
JIVEY  JIVES  JIVER  JIVED  JISMS  JIRGA  JIRDS  JINNS  JINNE  JINKS  
JINGO  JIMPY  JIMMY  JILTS  JILLS  JIGOT  JIGGY  JIFFY  JIFFS  JIBES  
JIBER  JIBED  JIBBS  JEWED  JETTY  JETES  JESTS  JERRY  JERKY  JERKS  
JENNY  JEMMY  JELLY  JELLS  JEHUS  JEHAD  JEFFS  JEFES  JEERS  JEEPS  
JEELS  JEATS  JEANS  JAZZY  JAXIE  JAWED  JAWAN  JAVEL  JAVAS  JAUPS  
JAUNT  JAUKS  JASPS  JARUL  JARPS  JARLS  JARKS  JAPES  JAPER  JAPED  
JAPAN  JANTY  JANNY  JANNS  JANES  JAMMY  JAMES  JAMBU  JAMBS  JAMBO  
JAMBE  JALOP  JAKEY  JAKES  JAILS  JAGRA  JAGIR  JAGGY  JAGGS  JAGER  
JAGAS  JAFAS  JADES  JADED  JACKY  JACKS  JACAL  JABOT  JAAPS  INKLE  
INFER  IMBED  IGGED  ICKLE  ICKER  ICHED  IAMBS  HYPES  HYPER  HYMEN  
HYKES  HUZZY  HUZZA  HUTCH  HUSSY  HUSKS  HUSHY  HURTS  HURST  HURRY  
HURLY  HURLS  HURDS  HUNTS  HUNKY  HUNKS  HUNCH  HUMPY  HUMPS  HUMFS  
HUMAS  HULLY  HULLS  HULKY  HULKS  HULES  HULAS  HUHUS  HUGGY  HUGER  
HUFFY  HUFFS  HUERS  HUCKS  HUBBY  HOYED  HOYAS  HOXES  HOXED  HOWLS  
HOWKS  HOWFS  HOWES  HOWDY  HOWBE  HOVES  HOVER  HOVEN  HOVED  HOUTS  
HOUSE  HOURS  HOUND  HOUFS  HOTTY  HOTCH  HOSTS  HOSEY  HOSES  HOSER  
HOSEN  HOSED  HORSE  HORNS  HORIS  HORAS  HORAL  HORAH  HOPPY  HOPES  
HOPER  HOPED  HOOTS  HOOPS  HOONS  HOOLY  HOOKY  HOOKS  HOOFS  HOODY  
HOODS  HOOCH  HONKS  HONGS  HONEY  HONES  HONER  HONED  HONDS  HOMES  
HOMER  HOMED  HOMAS  HOLTS  HOLMS  HOLLY  HOLKS  HOLES  HOLED  HOLDS  
HOKKU  HOKEY  HOKES  HOKED  HOING  HOHED  HOGHS  HOGGS  HODJA  HOCUS  
HOCKS  HOBOS  HOBBY  HOAST  HIZEN  HIVES  HIVER  HIVED  HITCH  HISTS  
HIRES  HIPPY  HINTS  HINNY  HINKY  HINGS  HINGE  HINDS  HILUS  HILTS  
HILLY  HILLS  HIKES  HIKER  HIKED  HIJRA  HIJAB  HIGHT  HIGHS  HIDES  
HIDER  HIDED  HICKS  HEXES  HEXER  HEXED  HEWED  HETHS  HETES  HESTS  
HERSE  HERRY  HERNS  HERMS  HERMA  HERLS  HERES  HERDS  HERBS  HENTS  
HENNY  HENGE  HENDS  HENCE  HEMES  HEMAL  HELPS  HELMS  HELLS  HEIST  
HEILS  HEFTS  HEEDS  HECKS  HEBES  HEAVY  HEAVE  HEATS  HEATH  HEAST  
HEARS  HEARE  HEARD  HEAPS  HEALS  HEADS  HAZES  HAZER  HAZEL  HAZED  
HAZAN  HAYLE  HAYEY  HAYER  HAYED  HAWSE  HAWMS  HAWKS  HAWED  HAVOC  
HAVES  HAVER  HAVEN  HAUSE  HAUNT  HAULS  HAULM  HAULD  HAUGH  HAUFS  
HAUDS  HATES  HATER  HATED  HATCH  HASTY  HASTE  HASPS  HASKS  HASHY  
HARTS  HARRY  HARPY  HARPS  HARNS  HARMS  HARLS  HARKS  HARES  HARED  
HARDY  HARDS  HAPUS  HAPPY  HAPAX  HANTS  HANKY  HANKS  HANGS  HANDY  
HANDS  HANCH  HANCE  HAMZA  HAMMY  HAMES  HAMED  HAMAL  HALVE  HALVA  
HALTS  HALMS  HALLS  HALFS  HALES  HALED  HAKUS  HAKES  HAKAS  HAKAM  
HAJJI  HAJIS  HAJES  HAITH  HAIRS  HAINS  HAILY  HAILS  HAIKS  HAICK  
HAHAS  HAGGS  HAFTS  HAFFS  HADES  HACKS  HABUS  HABLE  GYVES  GYVED  
GYTES  GYROS  GYRES  GYRED  GYBES  GYBED  GYALS  GWINE  GUTTY  GUSTY  
GUSTS  GUSHY  GURRY  GURNS  GURLY  GURLS  GUPPY  GUNNY  GUNKS  GUNGY  
GUMPS  GUMMY  GUMBO  GULLY  GULLS  GULFY  GULFS  GULES  GUGAS  GUFFS  
GUDES  GUCKY  GUCKS  GUARS  GRYKE  GRUFF  GRUFE  GRUES  GROWS  GROWN  
GROVE  GROUT  GROUF  GROOF  GRONE  GROKS  GROGS  GRIZE  GRITS  GRISE  
GRIPE  GRIME  GRILL  GRIKE  GRIGS  GRIDE  GRICE  GREWS  GREES  GREEK  
GREED  GRAZE  GRAYS  GRAVY  GRAVS  GRAVE  GRATE  GRASS  GRAPH  GRAPE  
GRANS  GRAMS  GRAMP  GRAME  GRAIN  GRAFT  GRAFF  GRADS  GRABS  GOXES  
GOWNS  GOWLS  GOWKS  GOWFS  GOWDS  GOUTS  GOUKS  GOUGE  GOTHS  GORSE  
GORPS  GORMS  GORGE  GORES  GORAL  GOOSE  GOORS  GOOPS  GOONS  GOOLY  
GOOLS  GOOKY  GOOKS  GOOGS  GOOFY  GOOFS  GOODY  GOODS  GOOBY  GONYS  
GONKS  GONGS  GONER  GOMER  GOLPS  GOLLY  GOLFS  GOLES  GOLDS  GOING  
GOIER  GOGOS  GOGGA  GOFFS  GOFER  GOBOS  GOBBY  GOATS  GOAFS  GNOWS  
GNAWS  GNARS  GLUME  GLUES  GLUER  GLOZE  GLOWS  GLIKE  GLEYS  GLEDS  
GLEBA  GLEAM  GLAZY  GLAZE  GLANS  GLADS  GLACE  GIZMO  GIVES  GIVER  
GIVED  GITES  GISMS  GIRLS  GIPPY  GINNY  GINKS  GINGS  GIMPS  GILTS  
GILLS  GILDS  GIGHE  GIGAS  GIDDY  GIBES  GHEST  GHATS  GESTS  GERMY  
GERMS  GERES  GERBE  GERAH  GENTS  GENES  GELTS  GELDS  GEEPS  GEATS  
GEARS  GEARE  GEANS  GEALS  GAZOO  GAZON  GAZES  GAZER  GAZED  GAZAR  
GAZAL  GAYLY  GAYER  GAWPS  GAWKY  GAWKS  GAWDS  GAWCY  GAVOT  GAVEL  
GAUZY  GAUZE  GAURS  GAUPS  GAUMY  GAUMS  GAUJE  GATHS  GATES  GATER  
GATED  GASTS  GASES  GARUM  GARRE  GARIS  GARBS  GAPPY  GAPES  GAPED  
GANTS  GANOF  GANJA  GANGS  GANEV  GANEF  GANDY  GANCH  GAMPS  GAMMY  
GAMME  GAMMA  GAMEY  GAMES  GAMER  GAMED  GAMBS  GAMBO  GAMBE  GAMBA  
GAMAS  GALVO  GALOP  GALLY  GALLS  GALES  GALAX  GALAS  GALAH  GAJOS  
GAIRS  GAINS  GAGES  GAGER  GAGED  GAFFS  GAFFE  GADJE  GADIS  GADGE  
GADES  GABLE  GABBY  FYLES  FYKES  FYKED  FYCES  FUZZY  FUZES  FUZED  
FUSTY  FUSTS  FUSSY  FUSES  FUSED  FURZY  FURZE  FURRY  FURRS  FURLS  
FUNNY  FUNKY  FUNKS  FUNGS  FUNGO  FUNDY  FUMES  FUMED  FULLY  FULLS  
FUJIS  FUGUS  FUGLE  FUGGY  FUGAL  FUFFY  FUFFS  FUDGE  FUDDY  FUCUS  
FUCKS  FUBBY  FRYER  FRUMP  FROZE  FROWS  FRONT  FROGS  FROCK  FRIZZ  
FRIZE  FRITS  FRISE  FRILL  FRIGS  FRIES  FRIER  FRIBS  FREES  FREED  
FREAK  FRAYS  FRAUS  FRATS  FRATE  FRASS  FRAPS  FRAPE  FRANK  FRAME  
FRAIM  FRAIL  FRAGS  FRACK  FRABS  FOYLE  FOYER  FOXIE  FOXES  FOXED  
FOWLS  FOURS  FOUNT  FOUND  FOULS  FOULE  FOUER  FORZE  FORTS  FORMS  
FORME  FORKY  FORKS  FORGE  FORES  FORDS  FORCE  FORBY  FORBS  FORAM  
FOOTS  FOOLS  FOODY  FOODS  FONDS  FOMES  FOLLY  FOLKY  FOLKS  FOLEY  
FOLDS  FOIST  FOILS  FOHNS  FOGLE  FOGIE  FOGGY  FOGEY  FOCUS  FLYPE  
FLYER  FLUSH  FLUNK  FLUME  FLUKE  FLUFF  FLUEY  FLUES  FLUED  FLOWS  
FLING  FLIMS  FLIES  FLIER  FLICS  FLICK  FLEYS  FLEWS  FLEGS  FLEES  
FLEAM  FLAYS  FLAXY  FLAWY  FLAWS  FLATS  FLASH  FLAPS  FLANS  FLANK  
FLAMS  FLAMM  FLAME  FLAKS  FLAKE  FLAGS  FLAFF  FLABS  FIZZY  FIXIT  
FIXES  FIXER  FIXED  FIVES  FIVER  FITTS  FITCH  FISTS  FISKS  FISCS  
FIRNS  FIRMS  FIRKS  FIRES  FIRED  FIQUE  FINOS  FINNY  FINKS  FINES  
FINED  FINDS  FINCH  FILUM  FILOS  FILMY  FILMS  FILLY  FILLS  FILES  
FILER  FILCH  FIKES  FIKED  FIGOS  FIGHT  FIFTY  FIFES  FIFER  FIFED  
FIERS  FIEFS  FIDGE  FICUS  FICOS  FICES  FIBRE  FEZZY  FEZES  FEYED  
FEWER  FEVER  FEUED  FEUAR  FETES  FETCH  FETAS  FESTY  FESTS  FERRY  
FERNS  FERMS  FERES  FENTS  FENNY  FENKS  FENIS  FENDS  FENCE  FEMMY  
FEMES  FEMAL  FELTS  FELON  FELLY  FELLS  FEIST  FEEZE  FEERS  FEENS  
FEELS  FEEDS  FEEBS  FECKS  FECHT  FECAL  FEAZE  FEATS  FEAST  FEASE  
FEARS  FEARE  FEALS  FAZES  FAZED  FAYER  FAYED  FAXES  FAXED  FAWNY  
FAWNS  FAVUS  FAVOR  FAVES  FAVER  FAVEL  FAVAS  FAUVE  FAUTS  FAUNS  
FAULT  FAULD  FAUGH  FATTY  FATES  FATED  FASTS  FASCI  FARTS  FARSE  
FARMS  FARLS  FARES  FARER  FARED  FARDS  FARCY  FARCI  FAQIR  FANUM  
FANON  FANNY  FANKS  FANGS  FANGO  FANGA  FANES  FANDS  FANCY  FANAL  
FAMES  FAMED  FALLS  FALAJ  FAKES  FAKER  FAKED  FAITH  FAIRY  FAIRS  
FAINT  FAINS  FAILS  FAIKS  FAGOT  FAGIN  FAGGY  FAFFS  FADGE  FADES  
FADER  FADED  FADDY  FACTS  FACIA  FACES  FACER  FACED  FABLE  EXING  
EWKED  EVOHE  EMMYS  EMBOX  EGGED  EFFED  EDGES  ECHES  ECHED  EBBED  
DYNES  DYKES  DUXES  DUPES  DUPED  DUMKY  DUKED  DUFUS  DUFFS  DUCHY  
DUCES  DRUGS  DROOB  DREYS  DREKS  DRAYS  DRAWS  DRAVE  DRAPS  DRAMS  
DRAKE  DRAGS  DRABS  DOZES  DOZER  DOZED  DOXIE  DOWTS  DOWSE  DOWPS  
DOWLS  DOWIE  DOWED  DOWDY  DOVIE  DOVES  DOVER  DOVED  DOUMS  DOUKS  
DOSES  DOSED  DORMS  DORKS  DORBS  DOPES  DOOKS  DOOBS  DONGS  DOMES  
DOLLS  DOJOS  DOGGY  DOGES  DOFFS  DODGY  DOBLA  DIZZY  DIXIT  DIVVY  
DIVIS  DIVES  DIVER  DIVAS  DIRKS  DINKS  DIKES  DIKER  DIFFS  DICER  
DIBBS  DHAKS  DEXES  DEWAX  DEWAR  DEVAS  DERVS  DEKES  DEEVS  DEEMS  
DEBUG  DEBES  DEBAG  DEARS  DAZES  DAZER  DAZED  DAWTS  DAWNS  DAWKS  
DAWED  DAWDS  DAUTS  DAUBS  DASHI  DARNS  DARKY  DARKS  DARGS  DARBS  
DANKS  DANGS  DANCE  DAMPY  DAMPS  DAMME  DAMES  DAHLS  DAGGY  DAGGA  
DAFFY  DAFFS  DACKS  DABBA  CZARS  CYMES  CYBER  CUSEC  CURVE  CURNS  
CURFS  CURES  CURDS  CURBS  CULLS  CUKES  CUFFS  CUBES  CRUVE  CROZE  
CROWS  CROPS  CROGS  CROFT  CROCS  CRIME  CRIBS  CREWS  CREMS  CREAK  
CRAZE  CRAYS  CRAWS  CRAVE  CRAMS  CRAME  CRAKE  CRAGS  CRACK  CRABS  
COZIE  COZEY  COZES  COZEN  COZED  COYER  COYED  COXES  COXED  COXAL  
COWPS  COWLS  COWKS  COWER  COWED  COVEY  COVET  COVES  COVER  COVED  
COTES  COSEY  COSES  COSED  COSEC  CORMS  CORKS  CORBE  COPES  COOKS  
COOFS  CONKS  CONFS  COMMY  COMMS  COMFY  COMES  COMBS  COMBE  COLTS  
COLLS  COLES  COKES  COKED  COHOS  COGUE  COFFS  CODES  CODED  COCKY  
COCKS  COCAS  COBZA  COBBY  COBBS  CLOZE  CLOYS  CLOWS  CLOVE  CLOUS  
CLOPS  CLOKE  CLIME  CLIFF  CLEWS  CLEFS  CLAYS  CLAWS  CLAPS  CLAGS  
CLACK  CIVVY  CIRCS  CINES  CILLS  CHUFF  CHUBS  CHOWS  CHOGS  CHOCS  
CHIVS  CHIVE  CHIRP  CHIRM  CHIRK  CHIKS  CHIBS  CHEWS  CHEST  CHAYS  
CHAWS  CHAWK  CHAVS  CHAVE  CHARS  CHARM  CHARK  CHAFF  CHAFE  CERGE  
CAXON  CAWKS  CAWED  CAVES  CAVER  CAVEL  CAVED  CAVAS  CAUPS  CAUMS  
CAULK  CAUKS  CATES  CATER  CATCH  CARVY  CARPS  CARPI  CARNY  CARKS  
CARGO  CARES  CARDS  CARBS  CAPHS  CAPES  CANTS  CANGS  CAMPS  CAMIS  
CAMES  CAMAS  CALYX  CALMY  CALMS  CALKS  CALIX  CALFS  CAKEY  CAKES  
CAKED  CAJUN  CAJON  CAHOW  CAGEY  CAGES  CAGED  CAFFS  CAFES  CADIS  
CADGY  CADDY  CACKY  CACHE  CACAS  CABOC  CABOB  CABER  CABBY  CABAS  
BYRES  BYKES  BYDES  BUZZY  BUTTY  BUTES  BUTCH  BUSTY  BUSTS  BUSKY  
BUSKS  BUSHY  BUSES  BURSE  BURRY  BURRS  BURNS  BURLS  BURKS  BURKE  
BURGS  BURDS  BURBS  BURAS  BUPPY  BUNTS  BUNNY  BUNKS  BUNJY  BUMPS  
BUMFS  BULSE  BULLS  BULKY  BUKES  BUGGY  BUFFY  BUFFS  BUFFO  BUFFA  
BUDGE  BUDDY  BUBBY  BUBAS  BUAZE  BROWS  BROWN  BROME  BROKE  BROGH  
BROCK  BRIZE  BRINK  BRINE  BRIMS  BRIKS  BRIGS  BRIES  BRIBE  BREYS  
BREWS  BREES  BREAM  BREAK  BRAZE  BRAYS  BRAXY  BRAWS  BRAVE  BRATS  
BRAKS  BRAKE  BRAGS  BRADS  BOZOS  BOYSY  BOYOS  BOYLA  BOYGS  BOYFS  
BOYED  BOXES  BOXER  BOXEN  BOXED  BOWSE  BOWRS  BOWLS  BOWET  BOWES  
BOWER  BOWED  BOUTS  BOUSY  BOUSE  BOURG  BOUKS  BOUGE  BOTTY  BOTTS  
BORTS  BORMS  BORKS  BORES  BORAX  BORAL  BORAK  BOOZY  BOOTS  BOOSE  
BOONS  BOOMS  BOOLS  BOOKY  BOOKS  BOOHS  BOOGY  BOOFY  BOOED  BOOBY  
BOOBS  BONUS  BONKS  BONGS  BONEY  BONES  BONER  BONED  BONDS  BONCE  
BOMBS  BOMBE  BOLUS  BOLTS  BOLOS  BOLLS  BOLES  BOLDS  BOKOS  BOKES  
BOKED  BOILS  BOHOS  BOGUS  BOGLE  BOGIE  BOGGY  BOFFS  BODES  BODED  
BOCKS  BOBBY  BOBAS  BOATS  BOAST  BLOWS  BLOBS  BLIVE  BLINK  BLEBS  
BLEAK  BLAZE  BLAYS  BLAWS  BLATS  BLASH  BLAHS  BLAGS  BLABS  BIZZY  
BIZZO  BIZES  BIVVY  BITTS  BITES  BITER  BITCH  BISKS  BIRLS  BIRKS  
BIOGS  BINTS  BINKS  BINGS  BINGO  BINES  BIMBO  BILLS  BILES  BILBY  
BILBO  BIKES  BIGHT  BIGGS  BIFFY  BIFFS  BIFFO  BIERS  BIBBS  BHAJI  
BEZES  BEVVY  BEVER  BETHS  BETES  BESTS  BERMS  BERME  BERKS  BERGS  
BERES  BENTS  BENES  BENDS  BELTS  BELLS  BEERS  BEEFY  BEEFS  BEDES  
BECKS  BEAUX  BEATS  BEATH  BEARS  BEARE  BEANS  BEAMS  BEAKY  BEAKS  
BEADS  BAZOO  BAZAR  BAYTS  BAYES  BAYED  BAWTY  BAWRS  BAWNS  BAWLS  
BAWDY  BAWDS  BAVIN  BAULK  BAUKS  BAUDS  BATTY  BATTS  BATHS  BATES  
BATED  BATCH  BASTS  BASSE  BASKS  BASIC  BASES  BASER  BASED  BARPS  
BARNS  BARMS  BARKY  BARKS  BARGE  BARFS  BARES  BARED  BARDS  BARBY  
BARBS  BARBE  BAPUS  BANTY  BANNS  BANKS  BANJO  BANGS  BANES  BANED  
BANDY  BANDS  BANDH  BANDA  BANCS  BALUS  BALUN  BALMY  BALMS  BALLS  
BALKY  BALKS  BALES  BALED  BALAS  BAKES  BAKER  BAKED  BAJUS  BAJRA  
BAJAN  BAIZA  BAILS  BAHUT  BAHTS  BAGHS  BAGGY  BAFTS  BAFFY  BAFFS  
BADGE  BACON  BACKS  BACHS  BACHA  BACCY  BACCA  BABUS  BABUL  BABKA  
BABES  BABAS  AZURE  AZONS  AZINE  AZIDE  AYGRE  AYAHS  AXONS  AXMAN  
AXING  AWING  AWDLS  AWAYS  AWAVE  AVOWS  AVGAS  ARKED  ARGUS  AREFY  
AQUAS  APRES  APPLE  APAYS  ANTES  ANKLE  ANGLE  AMPLE  AMOWT  AMOVE  
AMLAS  AMIES  AMBOS  AMBLE  AMBAN  AMAZE  ALURE  ALMUG  ALLOW  ALGUM  
ALFAS  AKKAS  AKING  AJWAN  AGISM  AGHAS  AGENT  AGAZE  AFORE  ADZED  
ADAYS  ADAWS  ACRES  ACNES  ACMES  ACKER  ACIDS  ACHES  ACHED  ABYES  
ABOVE  ABLOW  ABIES  ABBES  ABBED  ABBAS  ABAKA  ABAFT  