ABAFT  ABAKA  ABBAS  ABBED  ABBES  ABIES  ABLOW  ABOVE  ABYES  ACHED  
ACHES  ACIDS  ACKER  ACMES  ACNES  ACRES  ADAWS  ADAYS  ADZED  AFORE  
AGAZE  AGENT  AGHAS  AGISM  AJWAN  AKING  AKKAS  ALFAS  ALGUM  ALLOW  
ALMUG  ALURE  AMAZE  AMBAN  AMBLE  AMBOS  AMIES  AMLAS  AMOVE  AMOWT  
AMPLE  ANGLE  ANKLE  ANTES  APAYS  APPLE  APRES  AQUAS  AREFY  ARGUS  
ARKED  AVGAS  AVOWS  AWAVE  AWAYS  AWDLS  AWING  AXING  AXMAN  AXONS  
AYAHS  AYGRE  AZIDE  AZINE  AZONS  AZURE  BABAS  BABES  BABKA  BABUL  
BABUS  BACCA  BACCY  BACHA  BACHS  BACKS  BACON  BADGE  BAFFS  BAFFY  
BAFTS  BAGGY  BAGHS  BAHTS  BAHUT  BAILS  BAIZA  BAJAN  BAJRA  BAJUS  
BAKED  BAKER  BAKES  BALAS  BALED  BALES  BALKS  BALKY  BALLS  BALMS  
BALMY  BALUN  BALUS  BANCS  BANDA  BANDH  BANDS  BANDY  BANED  BANES  
BANGS  BANJO  BANKS  BANNS  BANTY  BAPUS  BARBE  BARBS  BARBY  BARDS  
BARED  BARES  BARFS  BARGE  BARKS  BARKY  BARMS  BARNS  BARPS  BASED  
BASER  BASES  BASIC  BASKS  BASSE  BASTS  BATCH  BATED  BATES  BATHS  
BATTS  BATTY  BAUDS  BAUKS  BAULK  BAVIN  BAWDS  BAWDY  BAWLS  BAWNS  
BAWRS  BAWTY  BAYED  BAYES  BAYTS  BAZAR  BAZOO  BEADS  BEAKS  BEAKY  
BEAMS  BEANS  BEARE  BEARS  BEATH  BEATS  BEAUX  BECKS  BEDES  BEEFS  
BEEFY  BEERS  BELLS  BELTS  BENDS  BENES  BENTS  BERES  BERGS  BERKS  
BERME  BERMS  BESTS  BETES  BETHS  BEVER  BEVVY  BEZES  BHAJI  BIBBS  
BIERS  BIFFO  BIFFS  BIFFY  BIGGS  BIGHT  BIKES  BILBO  BILBY  BILES  
BILLS  BIMBO  BINES  BINGO  BINGS  BINKS  BINTS  BIOGS  BIRKS  BIRLS  
BISKS  BITCH  BITER  BITES  BITTS  BIVVY  BIZES  BIZZO  BIZZY  BLABS  
BLAGS  BLAHS  BLASH  BLATS  BLAWS  BLAYS  BLAZE  BLEAK  BLEBS  BLINK  
BLIVE  BLOBS  BLOWS  BOAST  BOATS  BOBAS  BOBBY  BOCKS  BODED  BODES  
BOFFS  BOGGY  BOGIE  BOGLE  BOGUS  BOHOS  BOILS  BOKED  BOKES  BOKOS  
BOLDS  BOLES  BOLLS  BOLOS  BOLTS  BOLUS  BOMBE  BOMBS  BONCE  BONDS  
BONED  BONER  BONES  BONEY  BONGS  BONKS  BONUS  BOOBS  BOOBY  BOOED  
BOOFY  BOOGY  BOOHS  BOOKS  BOOKY  BOOLS  BOOMS  BOONS  BOOSE  BOOTS  
BOOZY  BORAK  BORAL  BORAX  BORES  BORKS  BORMS  BORTS  BOTTS  BOTTY  
BOUGE  BOUKS  BOURG  BOUSE  BOUSY  BOUTS  BOWED  BOWER  BOWES  BOWET  
BOWLS  BOWRS  BOWSE  BOXED  BOXEN  BOXER  BOXES  BOYED  BOYFS  BOYGS  
BOYLA  BOYOS  BOYSY  BOZOS  BRADS  BRAGS  BRAKE  BRAKS  BRATS  BRAVE  
BRAWS  BRAXY  BRAYS  BRAZE  BREAK  BREAM  BREES  BREWS  BREYS  BRIBE  
BRIES  BRIGS  BRIKS  BRIMS  BRINE  BRINK  BRIZE  BROCK  BROGH  BROKE  
BROME  BROWN  BROWS  BUAZE  BUBAS  BUBBY  BUDDY  BUDGE  BUFFA  BUFFO  
BUFFS  BUFFY  BUGGY  BUKES  BULKY  BULLS  BULSE  BUMFS  BUMPS  BUNJY  
BUNKS  BUNNY  BUNTS  BUPPY  BURAS  BURBS  BURDS  BURGS  BURKE  BURKS  
BURLS  BURNS  BURRS  BURRY  BURSE  BUSES  BUSHY  BUSKS  BUSKY  BUSTS  
BUSTY  BUTCH  BUTES  BUTTY  BUZZY  BYDES  BYKES  BYRES  CABAS  CABBY  
CABER  CABOB  CABOC  CACAS  CACHE  CACKY  CADDY  CADGY  CADIS  CAFES  
CAFFS  CAGED  CAGES  CAGEY  CAHOW  CAJON  CAJUN  CAKED  CAKES  CAKEY  
CALFS  CALIX  CALKS  CALMS  CALMY  CALYX  CAMAS  CAMES  CAMIS  CAMPS  
CANGS  CANTS  CAPES  CAPHS  CARBS  CARDS  CARES  CARGO  CARKS  CARNY  
CARPI  CARPS  CARVY  CATCH  CATER  CATES  CAUKS  CAULK  CAUMS  CAUPS  
CAVAS  CAVED  CAVEL  CAVER  CAVES  CAWED  CAWKS  CAXON  CERGE  CHAFE  
CHAFF  CHARK  CHARM  CHARS  CHAVE  CHAVS  CHAWK  CHAWS  CHAYS  CHEST  
CHEWS  CHIBS  CHIKS  CHIRK  CHIRM  CHIRP  CHIVE  CHIVS  CHOCS  CHOGS  
CHOWS  CHUBS  CHUFF  CILLS  CINES  CIRCS  CIVVY  CLACK  CLAGS  CLAPS  
CLAWS  CLAYS  CLEFS  CLEWS  CLIFF  CLIME  CLOKE  CLOPS  CLOUS  CLOVE  
CLOWS  CLOYS  CLOZE  COBBS  COBBY  COBZA  COCAS  COCKS  COCKY  CODED  
CODES  COFFS  COGUE  COHOS  COKED  COKES  COLES  COLLS  COLTS  COMBE  
COMBS  COMES  COMFY  COMMS  COMMY  CONFS  CONKS  COOFS  COOKS  COPES  
CORBE  CORKS  CORMS  COSEC  COSED  COSES  COSEY  COTES  COVED  COVER  
COVES  COVET  COVEY  COWED  COWER  COWKS  COWLS  COWPS  COXAL  COXED  
COXES  COYED  COYER  COZED  COZEN  COZES  COZEY  COZIE  CRABS  CRACK  
CRAGS  CRAKE  CRAME  CRAMS  CRAVE  CRAWS  CRAYS  CRAZE  CREAK  CREMS  
CREWS  CRIBS  CRIME  CROCS  CROFT  CROGS  CROPS  CROWS  CROZE  CRUVE  
CUBES  CUFFS  CUKES  CULLS  CURBS  CURDS  CURES  CURFS  CURNS  CURVE  
CUSEC  CYBER  CYMES  CZARS  DABBA  DACKS  DAFFS  DAFFY  DAGGA  DAGGY  
DAHLS  DAMES  DAMME  DAMPS  DAMPY  DANCE  DANGS  DANKS  DARBS  DARGS  
DARKS  DARKY  DARNS  DASHI  DAUBS  DAUTS  DAWDS  DAWED  DAWKS  DAWNS  
DAWTS  DAZED  DAZER  DAZES  DEARS  DEBAG  DEBES  DEBUG  DEEMS  DEEVS  
DEKES  DERVS  DEVAS  DEWAR  DEWAX  DEXES  DHAKS  DIBBS  DICER  DIFFS  
DIKER  DIKES  DINKS  DIRKS  DIVAS  DIVER  DIVES  DIVIS  DIVVY  DIXIT  
DIZZY  DOBLA  DODGY  DOFFS  DOGES  DOGGY  DOJOS  DOLLS  DOMES  DONGS  
DOOBS  DOOKS  DOPES  DORBS  DORKS  DORMS  DOSED  DOSES  DOUKS  DOUMS  
DOVED  DOVER  DOVES  DOVIE  DOWDY  DOWED  DOWIE  DOWLS  DOWPS  DOWSE  
DOWTS  DOXIE  DOZED  DOZER  DOZES  DRABS  DRAGS  DRAKE  DRAMS  DRAPS  
DRAVE  DRAWS  DRAYS  DREKS  DREYS  DROOB  DRUGS  DUCES  DUCHY  DUFFS  
DUFUS  DUKED  DUMKY  DUPED  DUPES  DUXES  DYKES  DYNES  EBBED  ECHED  
ECHES  EDGES  EFFED  EGGED  EMBOX  EMMYS  EVOHE  EWKED  EXING  FABLE  
FACED  FACER  FACES  FACIA  FACTS  FADDY  FADED  FADER  FADES  FADGE  
FAFFS  FAGGY  FAGIN  FAGOT  FAIKS  FAILS  FAINS  FAINT  FAIRS  FAIRY  
FAITH  FAKED  FAKER  FAKES  FALAJ  FALLS  FAMED  FAMES  FANAL  FANCY  
FANDS  FANES  FANGA  FANGO  FANGS  FANKS  FANNY  FANON  FANUM  FAQIR  
FARCI  FARCY  FARDS  FARED  FARER  FARES  FARLS  FARMS  FARSE  FARTS  
FASCI  FASTS  FATED  FATES  FATTY  FAUGH  FAULD  FAULT  FAUNS  FAUTS  
FAUVE  FAVAS  FAVEL  FAVER  FAVES  FAVOR  FAVUS  FAWNS  FAWNY  FAXED  
FAXES  FAYED  FAYER  FAZED  FAZES  FEALS  FEARE  FEARS  FEASE  FEAST  
FEATS  FEAZE  FECAL  FECHT  FECKS  FEEBS  FEEDS  FEELS  FEENS  FEERS  
FEEZE  FEIST  FELLS  FELLY  FELON  FELTS  FEMAL  FEMES  FEMMY  FENCE  
FENDS  FENIS  FENKS  FENNY  FENTS  FERES  FERMS  FERNS  FERRY  FESTS  
FESTY  FETAS  FETCH  FETES  FEUAR  FEUED  FEVER  FEWER  FEYED  FEZES  
FEZZY  FIBRE  FICES  FICOS  FICUS  FIDGE  FIEFS  FIERS  FIFED  FIFER  
FIFES  FIFTY  FIGHT  FIGOS  FIKED  FIKES  FILCH  FILER  FILES  FILLS  
FILLY  FILMS  FILMY  FILOS  FILUM  FINCH  FINDS  FINED  FINES  FINKS  
FINNY  FINOS  FIQUE  FIRED  FIRES  FIRKS  FIRMS  FIRNS  FISCS  FISKS  
FISTS  FITCH  FITTS  FIVER  FIVES  FIXED  FIXER  FIXES  FIXIT  FIZZY  
FLABS  FLAFF  FLAGS  FLAKE  FLAKS  FLAME  FLAMM  FLAMS  FLANK  FLANS  
FLAPS  FLASH  FLATS  FLAWS  FLAWY  FLAXY  FLAYS  FLEAM  FLEES  FLEGS  
FLEWS  FLEYS  FLICK  FLICS  FLIER  FLIES  FLIMS  FLING  FLOWS  FLUED  
FLUES  FLUEY  FLUFF  FLUKE  FLUME  FLUNK  FLUSH  FLYER  FLYPE  FOCUS  
FOGEY  FOGGY  FOGIE  FOGLE  FOHNS  FOILS  FOIST  FOLDS  FOLEY  FOLKS  
FOLKY  FOLLY  FOMES  FONDS  FOODS  FOODY  FOOLS  FOOTS  FORAM  FORBS  
FORBY  FORCE  FORDS  FORES  FORGE  FORKS  FORKY  FORME  FORMS  FORTS  
FORZE  FOUER  FOULE  FOULS  FOUND  FOUNT  FOURS  FOWLS  FOXED  FOXES  
FOXIE  FOYER  FOYLE  FRABS  FRACK  FRAGS  FRAIL  FRAIM  FRAME  FRANK  
FRAPE  FRAPS  FRASS  FRATE  FRATS  FRAUS  FRAYS  FREAK  FREED  FREES  
FRIBS  FRIER  FRIES  FRIGS  FRILL  FRISE  FRITS  FRIZE  FRIZZ  FROCK  
FROGS  FRONT  FROWS  FROZE  FRUMP  FRYER  FUBBY  FUCKS  FUCUS  FUDDY  
FUDGE  FUFFS  FUFFY  FUGAL  FUGGY  FUGLE  FUGUS  FUJIS  FULLS  FULLY  
FUMED  FUMES  FUNDY  FUNGO  FUNGS  FUNKS  FUNKY  FUNNY  FURLS  FURRS  
FURRY  FURZE  FURZY  FUSED  FUSES  FUSSY  FUSTS  FUSTY  FUZED  FUZES  
FUZZY  FYCES  FYKED  FYKES  FYLES  GABBY  GABLE  GADES  GADGE  GADIS  
GADJE  GAFFE  GAFFS  GAGED  GAGER  GAGES  GAINS  GAIRS  GAJOS  GALAH  
GALAS  GALAX  GALES  GALLS  GALLY  GALOP  GALVO  GAMAS  GAMBA  GAMBE  
GAMBO  GAMBS  GAMED  GAMER  GAMES  GAMEY  GAMMA  GAMME  GAMMY  GAMPS  
GANCH  GANDY  GANEF  GANEV  GANGS  GANJA  GANOF  GANTS  GAPED  GAPES  
GAPPY  GARBS  GARIS  GARRE  GARUM  GASES  GASTS  GATED  GATER  GATES  
GATHS  GAUJE  GAUMS  GAUMY  GAUPS  GAURS  GAUZE  GAUZY  GAVEL  GAVOT  
GAWCY  GAWDS  GAWKS  GAWKY  GAWPS  GAYER  GAYLY  GAZAL  GAZAR  GAZED  
GAZER  GAZES  GAZON  GAZOO  GEALS  GEANS  GEARE  GEARS  GEATS  GEEPS  
GELDS  GELTS  GENES  GENTS  GERAH  GERBE  GERES  GERMS  GERMY  GESTS  
GHATS  GHEST  GIBES  GIDDY  GIGAS  GIGHE  GILDS  GILLS  GILTS  GIMPS  
GINGS  GINKS  GINNY  GIPPY  GIRLS  GISMS  GITES  GIVED  GIVER  GIVES  
GIZMO  GLACE  GLADS  GLANS  GLAZE  GLAZY  GLEAM  GLEBA  GLEDS  GLEYS  
GLIKE  GLOWS  GLOZE  GLUER  GLUES  GLUME  GNARS  GNAWS  GNOWS  GOAFS  
GOATS  GOBBY  GOBOS  GOFER  GOFFS  GOGGA  GOGOS  GOIER  GOING  GOLDS  
GOLES  GOLFS  GOLLY  GOLPS  GOMER  GONER  GONGS  GONKS  GONYS  GOOBY  
GOODS  GOODY  GOOFS  GOOFY  GOOGS  GOOKS  GOOKY  GOOLS  GOOLY  GOONS  
GOOPS  GOORS  GOOSE  GORAL  GORES  GORGE  GORMS  GORPS  GORSE  GOTHS  
GOUGE  GOUKS  GOUTS  GOWDS  GOWFS  GOWKS  GOWLS  GOWNS  GOXES  GRABS  
GRADS  GRAFF  GRAFT  GRAIN  GRAME  GRAMP  GRAMS  GRANS  GRAPE  GRAPH  
GRASS  GRATE  GRAVE  GRAVS  GRAVY  GRAYS  GRAZE  GREED  GREEK  GREES  
GREWS  GRICE  GRIDE  GRIGS  GRIKE  GRILL  GRIME  GRIPE  GRISE  GRITS  
GRIZE  GROGS  GROKS  GRONE  GROOF  GROUF  GROUT  GROVE  GROWN  GROWS  
GRUES  GRUFE  GRUFF  GRYKE  GUARS  GUCKS  GUCKY  GUDES  GUFFS  GUGAS  
GULES  GULFS  GULFY  GULLS  GULLY  GUMBO  GUMMY  GUMPS  GUNGY  GUNKS  
GUNNY  GUPPY  GURLS  GURLY  GURNS  GURRY  GUSHY  GUSTS  GUSTY  GUTTY  
GWINE  GYALS  GYBED  GYBES  GYRED  GYRES  GYROS  GYTES  GYVED  GYVES  
HABLE  HABUS  HACKS  HADES  HAFFS  HAFTS  HAGGS  HAHAS  HAICK  HAIKS  
HAILS  HAILY  HAINS  HAIRS  HAITH  HAJES  HAJIS  HAJJI  HAKAM  HAKAS  
HAKES  HAKUS  HALED  HALES  HALFS  HALLS  HALMS  HALTS  HALVA  HALVE  
HAMAL  HAMED  HAMES  HAMMY  HAMZA  HANCE  HANCH  HANDS  HANDY  HANGS  
HANKS  HANKY  HANTS  HAPAX  HAPPY  HAPUS  HARDS  HARDY  HARED  HARES  
HARKS  HARLS  HARMS  HARNS  HARPS  HARPY  HARRY  HARTS  HASHY  HASKS  
HASPS  HASTE  HASTY  HATCH  HATED  HATER  HATES  HAUDS  HAUFS  HAUGH  
HAULD  HAULM  HAULS  HAUNT  HAUSE  HAVEN  HAVER  HAVES  HAVOC  HAWED  
HAWKS  HAWMS  HAWSE  HAYED  HAYER  HAYEY  HAYLE  HAZAN  HAZED  HAZEL  
HAZER  HAZES  HEADS  HEALS  HEAPS  HEARD  HEARE  HEARS  HEAST  HEATH  
HEATS  HEAVE  HEAVY  HEBES  HECKS  HEEDS  HEFTS  HEILS  HEIST  HELLS  
HELMS  HELPS  HEMAL  HEMES  HENCE  HENDS  HENGE  HENNY  HENTS  HERBS  
HERDS  HERES  HERLS  HERMA  HERMS  HERNS  HERRY  HERSE  HESTS  HETES  
HETHS  HEWED  HEXED  HEXER  HEXES  HICKS  HIDED  HIDER  HIDES  HIGHS  
HIGHT  HIJAB  HIJRA  HIKED  HIKER  HIKES  HILLS  HILLY  HILTS  HILUS  
HINDS  HINGE  HINGS  HINKY  HINNY  HINTS  HIPPY  HIRES  HISTS  HITCH  
HIVED  HIVER  HIVES  HIZEN  HOAST  HOBBY  HOBOS  HOCKS  HOCUS  HODJA  
HOGGS  HOGHS  HOHED  HOING  HOKED  HOKES  HOKEY  HOKKU  HOLDS  HOLED  
HOLES  HOLKS  HOLLY  HOLMS  HOLTS  HOMAS  HOMED  HOMER  HOMES  HONDS  
HONED  HONER  HONES  HONEY  HONGS  HONKS  HOOCH  HOODS  HOODY  HOOFS  
HOOKS  HOOKY  HOOLY  HOONS  HOOPS  HOOTS  HOPED  HOPER  HOPES  HOPPY  
HORAH  HORAL  HORAS  HORIS  HORNS  HORSE  HOSED  HOSEN  HOSER  HOSES  
HOSEY  HOSTS  HOTCH  HOTTY  HOUFS  HOUND  HOURS  HOUSE  HOUTS  HOVED  
HOVEN  HOVER  HOVES  HOWBE  HOWDY  HOWES  HOWFS  HOWKS  HOWLS  HOXED  
HOXES  HOYAS  HOYED  HUBBY  HUCKS  HUERS  HUFFS  HUFFY  HUGER  HUGGY  
HUHUS  HULAS  HULES  HULKS  HULKY  HULLS  HULLY  HUMAS  HUMFS  HUMPS  
HUMPY  HUNCH  HUNKS  HUNKY  HUNTS  HURDS  HURLS  HURLY  HURRY  HURST  
HURTS  HUSHY  HUSKS  HUSSY  HUTCH  HUZZA  HUZZY  HYKES  HYMEN  HYPER  
HYPES  IAMBS  ICHED  ICKER  ICKLE  IGGED  IMBED  INFER  INKLE  JAAPS  
JABOT  JACAL  JACKS  JACKY  JADED  JADES  JAFAS  JAGAS  JAGER  JAGGS  
JAGGY  JAGIR  JAGRA  JAILS  JAKES  JAKEY  JALOP  JAMBE  JAMBO  JAMBS  
JAMBU  JAMES  JAMMY  JANES  JANNS  JANNY  JANTY  JAPAN  JAPED  JAPER  
JAPES  JARKS  JARLS  JARPS  JARUL  JASPS  JAUKS  JAUNT  JAUPS  JAVAS  
JAVEL  JAWAN  JAWED  JAXIE  JAZZY  JEANS  JEATS  JEELS  JEEPS  JEERS  
JEFES  JEFFS  JEHAD  JEHUS  JELLS  JELLY  JEMMY  JENNY  JERKS  JERKY  
JERRY  JESTS  JETES  JETTY  JEWED  JIBBS  JIBED  JIBER  JIBES  JIFFS  
JIFFY  JIGGY  JIGOT  JILLS  JILTS  JIMMY  JIMPY  JINGO  JINKS  JINNE  
JINNS  JIRDS  JIRGA  JISMS  JIVED  JIVER  JIVES  JIVEY  JOBED  JOBES  
JOCKS  JOHNS  JOINS  JOIST  JOKED  JOKER  JOKES  JOKEY  JOLED  JOLES  
JOLLS  JOLLY  JOLTS  JOLTY  JOMOS  JONES  JONGS  JOOKS  JORAM  JOTTY  
JOUAL  JOUGS  JOUKS  JOULE  JOURS  JOWED  JOWLS  JOYED  JUBAS  JUBES  
JUDAS  JUDGE  JUGAL  JUJUS  JUKED  JUKES  JUKUS  JUMBO  JUMBY  JUMPS  
JUMPY  JUNKS  JUNKY  JUPES  JURAL  JUSTS  JUTES  JUTTY  JUVES  KABAB  
KABOB  KACHA  KADES  KADIS  KAFIR  KAGOS  KAGUS  KAHAL  KAIDS  KAIFS  
KAIKA  KAIKS  KAILS  KAIMS  KAINS  KAKAS  KAKIS  KALAM  KALES  KALIS  
KAMAS  KAMES  KAMIK  KAMIS  KAMME  KANDY  KANES  KANGA  KANGS  KANJI  
KANZU  KAPAS  KAPHS  KAPOK  KARAS  KARKS  KARNS  KARTS  KARZY  KAUGH  
KAURI  KAVAS  KAWAS  KAWAU  KAWED  KAYAK  KAYLE  KAYOS  KAZIS  KAZOO  
KBARS  KEBAR  KECKS  KEECH  KEEFS  KEEKS  KEEPS  KEETS  KELLS  KELLY  
KELPS  KELTS  KEMBS  KEMPS  KENTE  KENTS  KERBS  KERFS  KERKY  KERMA  
KERNE  KERNS  KEROS  KERRY  KERVE  KESTS  KETAS  KEXES  KEYED  KHAFS  
KHANS  KHATS  KHAZI  KIBES  KICKS  KICKY  KIDDY  KIERS  KIGHT  KIKES  
KIKOI  KILLS  KILNS  KILTS  KINAS  KINDS  KINES  KINGS  KINKS  KINKY  
KIPES  KIRKS  KISTS  KITED  KITER  KITES  KITHE  KITTY  KIVAS  KIWIS  
KLAPS  KLIKS  KNAGS  KNARS  KNITS  KNIVE  KNOBS  KNOPS  KNOWS  KOBOS  
KOFFS  KOHAS  KOHLS  KOKER  KOLAS  KOLOS  KONKS  KOOKS  KOOKY  KOPHS  
KOPJE  KORAS  KORES  KORUS  KOSES  KOTCH  KRABS  KRAFT  KRANG  KRANS  
KRANZ  KREEP  KREWE  KRILL  KRONE  KUFIS  KUKUS  KULAS  KURUS  KUTCH  
KUTIS  KUZUS  KYAKS  KYARS  KYATS  KYLES  KYNDE  KYTES  KYTHE  LABIS  
LACED  LACER  LACES  LACKS  LAGER  LAIGH  LAIKS  LAKED  LAKER  LAKES  
LAKHS  LAKIN  LAMBS  LAMBY  LAMMY  LANCH  LANKY  LARKS  LARKY  LARUM  
LARVA  LAUCH  LAUFS  LAUGH  LAVED  LAVER  LAVES  LAVRA  LAWED  LAWER  
LAWIN  LAWKS  LAWNY  LAXER  LAXES  LAXLY  LAYED  LAYER  LAYUP  LAZED  
LAZES  LEAFS  LEAFY  LEAKS  LEAMS  LEAVE  LEAVY  LEAZE  LEXES  LEXIS  
LEZES  LEZZA  LIBER  LICKS  LIFER  LIFES  LIKED  LIKER  LIKES  LIMOS  
LIMPS  LINGS  LINKS  LIPOS  LIVED  LIVER  LIVES  LOBED  LOBES  LOBOS  
LOBUS  LOCHS  LOFTS  LOGES  LOKES  LOOFS  LOOKS  LOPER  LOPES  LOUMA  
LOVED  LOVER  LOVES  LOWED  LOWER  LOWES  LOWPS  LOXED  LOXES  LUBES  
LUCES  LUFFS  LUGES  LUMPS  LUPUS  LUXES  LYTED  MABES  MACES  MACHO  
MACHS  MACKS  MACON  MAFIC  MAGES  MAGGS  MAGIC  MAGMA  MAHWA  MAIDS  
MAIKS  MAILS  MAIMS  MAINS  MAJOR  MAKER  MAKES  MAKIS  MAKOS  MALAM  
MALAX  MALES  MALLS  MALMS  MALMY  MALVA  MAMAS  MAMBA  MAMBO  MAMMY  
MANED  MANEH  MANES  MANGA  MANGO  MANGS  MANGY  MANKY  MANTO  MAPAU  
MAQUI  MARCH  MARCS  MARDY  MARES  MARGS  MARKS  MARLY  MARMS  MARTS  
MARVY  MASES  MASKS  MATED  MATER  MATES  MATHS  MAUBY  MAUDS  MAULS  
MAUTS  MAUVE  MAVEN  MAVIN  MAVIS  MAWED  MAWKS  MAWKY  MAXED  MAXES  
MAXIM  MAXIS  MAYAS  MAYBE  MAYED  MAZED  MAZER  MAZES  MAZEY  MAZUT  
MEALS  MEANS  MEARE  MEASE  MEATS  MECKS  MEERS  MEFFS  MELLS  MELTS  
MENES  MENSE  MERCS  MERES  MERGE  MERKS  MEVES  MEZES  MEZZE  MICAS  
MIFFS  MIFFY  MIGGS  MIGHT  MIHIS  MIKED  MIKES  MILKS  MILLS  MIMES  
MINAS  MINES  MINGS  MINKE  MINKS  MIRKS  MIRVS  MITCH  MITES  MIXED  
MIXEN  MIXER  MIXES  MIZZY  MOBBY  MOBES  MOCHS  MOCHY  MOCKS  MODES  
MOGGY  MOHUA  MOILS  MOITS  MOJOS  MOKES  MOLDS  MOLES  MOLLS  MOLLY  
MOLTS  MOMES  MOMMY  MONEY  MONGS  MONKS  MOOKS  MOOLS  MOONS  MOOPS  
MOOTS  MOPED  MOPER  MOPES  MOPPY  MOPSY  MOPUS  MORAL  MORES  MORNS  
MORSE  MORTS  MOSED  MOSES  MOSEY  MOTED  MOTES  MOTHS  MOTTS  MOUSE  
MOUSY  MOVED  MOVER  MOVES  MOWAS  MOWED  MOWER  MOXAS  MOXIE  MOYAS  
MOZED  MOZES  MOZOS  MUDDY  MUFFS  MUGGS  MUGGY  MULES  MULLS  MULSE  
MURED  MURES  MURKS  MURKY  MURLS  MURRS  MUSHY  MUSKS  MUTIS  MUXED  
MUXES  MUZZY  MZEES  NABES  NAGAS  NAGGY  NAIRU  NAKED  NAKER  NAKFA  
NAMED  NANCY  NAPED  NAPES  NARCO  NARDS  NARIC  NARKS  NARKY  NAUCH  
NAVES  NAVEW  NAVVY  NAZES  NAZIS  NECKS  NEGUS  NERKA  NERKS  NEVUS  
NEXUS  NIFFS  NIGER  NIGHS  NIPAS  NIQAB  NIXER  NIXES  NIXIE  NOGGS  
NOMES  NORKS  NOSES  NOWED  NOXAL  NOXES  NOYED  NOYES  NUDES  OAKED  
OAVES  OCHER  OCHES  OCKER  OCTAS  OFAYS  OFFER  OFLAG  OFTER  OKTAS  
ONCES  OOZED  OOZES  OPTER  OUPAS  OVERS  OWNER  OXERS  OXTER  PACES  
PACHA  PACKS  PACTS  PADDY  PADIS  PAGED  PAGER  PAGES  PAGRI  PAIKS  
PAKKA  PALMS  PALMY  PALPS  PANDS  PANGS  PANTS  PANTY  PAPAS  PAPAW  
PAPES  PAPPI  PARCH  PARDS  PARDY  PARED  PARES  PARGO  PARIS  PARKI  
PARKS  PARKY  PARPS  PARRY  PARVO  PATER  PATES  PATHS  PATTY  PATUS  
PAULS  PAVAN  PAVED  PAVEN  PAVER  PAVES  PAVIS  PAWAS  PAWAW  PAWED  
PAWER  PAWKS  PAWKY  PAWLS  PAWNS  PAXES  PAYED  PAYER  PAYOR  PEAGS  
PEAKS  PEARS  PEAVY  PEAZE  PECHS  PEGGY  PEKES  PELFS  PELLS  PENTS  
PERES  PERKS  PERKY  PERMS  PERPS  PERVE  PERVS  PEYSE  PHOHS  PICAS  
PICKS  PIERS  PIGGY  PIGHT  PIGMY  PIKAS  PIKER  PIKES  PIKUL  PILAW  
PILLS  PIMAS  PIMPS  PINES  PIOYS  PIPAS  PIQUE  PIRLS  PIXES  PIXIE  
PIZED  PIZES  PLAPS  PLAYS  PLEWS  PLIMS  PLOPS  PLOWS  PLOYS  PLUES  
PLYER  POCKS  POCKY  PODEX  PODGY  POGGE  POGOS  POKER  POKES  POKEY  
POKIE  POLES  POLJE  POLKS  POLLS  POLTS  POLYS  POMBE  POMES  POMMY  
PONES  PONGS  PONKS  POOFS  POOFY  POOHS  POOKS  POOVY  POPES  POPPY  
POPSY  PORES  PORKS  PORKY  PORNS  POSED  POSES  POSEY  POTED  POTES  
POTTS  POUFS  POUKE  POUKS  POUTS  POWAN  POWER  POWNS  POXED  POXES  
POZZY  PRAMS  PRANK  PRAUS  PRAYS  PREMS  PREPS  PREXY  PREYS  PRIES  
PRIVY  PRIZE  PROBE  PROFS  PROGS  PROMS  PROPS  PROVE  PROWL  PROWS  
PUBES  PUCES  PUCKS  PUFFS  PUFFY  PUHAS  PUJAS  PUKER  PUKES  PUKUS  
PULKS  PULLS  PUMPS  PUPUS  PURES  PYATS  PYNES  PYXES  QADIS  QAIDS  
QOPHS  QUAFF  QUAGS  QUATS  QUEME  QUEST  QUEUE  QUIDS  QUIMS  QUINE  
QUINS  QUOLL  QUOPS  RABID  RABIS  RADGE  RAFFS  RAGAS  RAGDE  RAGED  
RAGES  RAGGS  RAGGY  RAHED  RAIDS  RAIKS  RAJAS  RAJES  RAKED  RAKER  
RAKES  RAKIS  RANKE  RAVED  RAVER  RAVES  RAVIN  RAWER  RAXED  RAXES  
RAYED  RAZED  RAZEE  RAZER  RAZES  REACH  READD  REAKS  REAMS  REBBE  
REBEC  REBIT  REBUS  REBUY  RECAP  RECIT  RECKS  REDUX  REEFS  REFED  
REFFO  REFIT  REFIX  REGMA  REGNA  REGOS  REHAB  REHEM  REJON  REMEX  
REMIX  RETAX  REVEL  REWAX  REXES  RIBES  RICED  RICES  RICKS  RIFER  
RIFFS  RIGGS  RIMES  RINKS  RIPED  RIPES  RIVED  RIVER  RIVES  ROBES  
ROBLE  RODES  ROGUE  ROKED  ROKES  ROOFS  ROOKS  ROOMS  ROPES  ROQUE  
ROUGE  ROVED  ROVER  ROVES  ROWED  ROWER  ROWME  ROWTS  RUBES  RUBUS  
RUCKS  RUFFS  RUMES  RUNGS  RYKED  RYKES  SABES  SADZA  SAFED  SAFER  
SAFES  SAGES  SAGGY  SAGUM  SAICS  SAJOU  SAKER  SAKES  SAKIS  SALIX  
SALMI  SAMFU  SAMMY  SANGS  SAPPY  SAVED  SAVER  SAVES  SAVVY  SAWED  
SAWER  SAXES  SAZES  SCABS  SCAFF  SCAGS  SCALE  SCALL  SCALP  SCAMP  
SCAMS  SCANS  SCAPE  SCARE  SCARF  SCART  SCAUP  SCAWS  SCENT  SCOFF  
SCOGS  SCOOT  SCOPE  SCORE  SCOTS  SCOUG  SCOUT  SCOWP  SCOWS  SCRAB  
SCRAG  SCRAW  SCREW  SCROW  SCUDS  SCUGS  SCUMS  SCUPS  SCYES  SEBUM  
SECHS  SEEKS  SEGUE  SEKTS  SENVY  SEPTA  SEPTS  SEVEN  SEVER  SEXER  
SEXTS  SHAFT  SHAGS  SHAHS  SHAKE  SHALM  SHAME  SHAMS  SHAPS  SHAVE  
SHAWL  SHAWM  SHAWS  SHAYS  SHEDS  SHEWS  SHIMS  SHIPS  SHITS  SHIVA  
SHIVS  SHOVE  SHOWS  SHOWY  SHREW  SIBBS  SICES  SICKS  SIGHS  SIKES  
SILEX  SIMBA  SINHS  SINKS  SIPES  SIVER  SIXER  SIXES  SIXTE  SIZED  
SIZER  SIZES  SKAGS  SKAIL  SKALD  SKART  SKATE  SKATS  SKATT  SKAWS  
SKEAR  SKEEF  SKEER  SKEGS  SKELF  SKELL  SKENE  SKETS  SKEWS  SKIDS  
SKIED  SKIER  SKIES  SKIMS  SKINS  SKIPS  SKITE  SKITS  SKIVE  SKOFF  
SKUGS  SKYED  SKYER  SKYRE  SLABS  SLAGS  SLAKE  SLAVE  SLAWS  SLAYS  
SLEWS  SLEYS  SLIME  SLIVE  SLOWS  SLUBS  SLUFF  SMALL  SMALM  SMART  
SMAZE  SMEWS  SMITE  SMITS  SMOGS  SMOOT  SMORE  SMOWT  SMUGS  SMUTS  
SNABS  SNAGS  SNARF  SNAWS  SNIBS  SNIGS  SNIPS  SNOBS  SNOOK  SNOWS  
SOBAS  SOFAS  SOGGY  SOJAS  SOPHY  SOPPY  SORBS  SOUKS  SOUPY  SOWCE  
SOWFS  SOWLE  SOWMS  SOWTH  SOYAS  SOYLE  SPACE  SPAGS  SPAKE  SPAMS  
SPARE  SPARK  SPAWL  SPAWN  SPAWS  SPAYS  SPAZZ  SPECK  SPEER  SPEKS  
SPETS  SPEWS  SPEWY  SPICS  SPIED  SPIES  SPIFS  SPIKE  SPIKS  SPIMS  
SPINS  SPITS  SPIVS  SPOKE  SPOOF  SPRAG  SPRED  SPREW  SPUER  SPUES  
SPUGS  SQUAB  SQUAD  SQUAW  SQUEG  SQUIZ  STABS  STACK  STAFF  STAGE  
STAGS  STAKE  STAPH  STAVE  STAWS  STEAK  STEAM  STEEK  STEEM  STEME  
STEMS  STEWS  STEWY  STIVE  STOKE  STONK  STOOK  STOPE  STOPT  STOVE  
STOWN  STOWP  STOWS  STRAG  STRAP  STRAW  STREW  STUBS  STUFF  STUMS  
SUAVE  SUBER  SUBHA  SUCKS  SUGHS  SUKHS  SWABS  SWACK  SWADS  SWAGE  
SWAGS  SWAIL  SWAIN  SWALE  SWALY  SWAMP  SWANK  SWANS  SWAPS  SWARE  
SWARF  SWARM  SWART  SWASH  SWATS  SWAYL  SWAYS  SWEAL  SWEAR  SWEED  
SWEER  SWELL  SWELT  SWEYS  SWIES  SWIGS  SWILL  SWINE  SWINK  SWIPE  
SWIRL  SWIVE  SWOBS  SWONE  SWOPS  SWOPT  SWORE  SWOTS  SYCES  SYKER  
SYKES  SYPED  SYPES  SYVER  TABER  TABES  TABIS  TABUS  TACHS  TACKS  
TACKY  TACTS  TAFFY  TAGGY  TAHOU  TAJES  TAKAS  TAKER  TAKES  TAKIS  
TALKS  TALKY  TAMPS  TANHS  TANKY  TAPES  TAPIS  TAPUS  TATHS  TAUTS  
TAVAS  TAVER  TAWAS  TAWED  TAWER  TAWSE  TAWTS  TAXED  TAXER  TAXES  
TAXIS  TAXUS  TAZZA  TEAKS  TEFFS  TEGGS  TEGUS  TEUGH  TEXES  THAWS  
TICED  TICES  TICHY  TICKY  TIFFS  TIGER  TIGES  TIKES  TINGS  TINKS  
TIZZY  TOCKY  TOFFS  TOFFY  TOFTS  TOGED  TOGES  TOHOS  TOKED  TOKER  
TOKES  TOKOS  TOMBS  TONKS  TOPES  TOPHS  TORCS  TOUZY  TOWED  TOWER  
TOWZE  TOYED  TOYER  TOYOS  TOZED  TOZES  TRABS  TRADS  TRAMS  TRAPS  
TRAVE  TRAYS  TREWS  TRIBE  TRICE  TRIKE  TROCK  TROGS  TRONK  TROVE  
TROWS  TROYS  TRYER  TUBER  TUBES  TUFFS  TUPEK  TURFS  TURKS  TURMS  
TUXES  TWAYS  TWYER  TYKES  TYPES  TZARS  UDDER  UGGED  UKASE  ULANS  
UMBER  UMPED  UNBAG  UNDER  UNFED  UNFIX  UNGAG  UNKET  UNSEW  UNSEX  
UNWED  UNWET  UPPER  UPSET  UPTER  UPTIE  URATE  URGED  URGER  URGES  
UTTER  VACUA  VADED  VADES  VAGAL  VAGUE  VAGUS  VAILS  VAIRS  VAIRY  
VAKIL  VALES  VALID  VALIS  VALVE  VAMPS  VAMPY  VANDA  VANED  VANES  
VANGS  VANTS  VAPID  VAPOR  VARAS  VARDY  VARES  VARIX  VARNA  VARUS  
VARVE  VASES  VASTS  VASTY  VATIC  VATUS  VAUCH  VAULT  VAUNT  VAUTS  
VEALS  VEEPS  VEERS  VEGAS  VEGES  VEGOS  VEILS  VEINS  VELDS  VELES  
VELLS  VENDS  VENGE  VENTS  VENUS  VERBS  VERGE  VERRY  VERSE  VERTS  
VERVE  VESTS  VETCH  VEXED  VEXER  VEXES  VIBES  VIBEX  VICED  VICES  
VICHY  VIERS  VIEWS  VIGAS  VILER  VILLS  VINAS  VINED  VINER  VINES  
VINEW  VINOS  VINTS  VIPER  VIRED  VIRES  VIRLS  VIRUS  VISES  VISNE  
VITAL  VITAS  VIVAS  VIVER  VIVES  VIXEN  VIZOR  VLIES  VOCAB  VOCES  
VOGIE  VOGUE  VOILA  VOLAR  VOLED  VOLES  VOLKS  VOLTS  VOMER  VOTED  
VOTES  VOUGE  VOWED  VOWER  VOXEL  VROOM  VROUS  VROUW  VROWS  VUGGS  
VUGGY  VUGHS  VUGHY  VUTTY  VYING  WACKO  WACKS  WACKY  WADDS  WADDY  
WADED  WADER  WADES  WADIS  WADTS  WAFER  WAFFS  WAFTS  WAGED  WAGER  
WAGES  WAGGA  WAGON  WAHOO  WAIFS  WAILS  WAINS  WAIRS  WAITS  WAIVE  
WAKAS  WAKED  WAKEN  WAKER  WAKES  WAKFS  WALDS  WALED  WALER  WALES  
WALIS  WALKS  WALLS  WALLY  WAMED  WAMES  WAMUS  WANDS  WANED  WANES  
WANGS  WANKS  WANKY  WANLY  WANNA  WANTS  WANTY  WANZE  WAQFS  WARBS  
WARDS  WARED  WARES  WAREZ  WARKS  WARMS  WARNS  WARPS  WARRE  WARTS  
WASES  WASHY  WASMS  WASPS  WASPY  WASTE  WASTS  WATCH  WATER  WATTS  
WAUFF  WAUGH  WAUKS  WAULK  WAULS  WAURS  WAVED  WAVER  WAVES  WAVEY  
WAWAS  WAWES  WAWLS  WAXED  WAXEN  WAXER  WAXES  WAYED  WAZOO  WEALS  
WEANS  WEARS  WEAVE  WEBBY  WEBER  WECHT  WEDGE  WEDGY  WEEDS  WEEKS  
WEELS  WEEMS  WEENS  WEEPS  WEETS  WEFTS  WEILS  WEKAS  WELDS  WELKS  
WELLS  WELLY  WELTS  WEMBS  WENCH  WENDS  WENGE  WENNY  WENTS  WEROS  
WESTS  WETAS  WEXED  WEXES  WHALE  WHANG  WHAPS  WHARE  WHARF  WHATS  
WHELK  WHELM  WHELP  WHERE  WHETS  WHEWS  WHIGS  WHILE  WHINE  WHITE  
WHIZZ  WHOPS  WICKS  WICKY  WIDDY  WIDER  WIDES  WIELD  WIFED  WIFES  
WIFIE  WIFTY  WIGGA  WIGGY  WIGHT  WILCO  WILDS  WILED  WILES  WILGA  
WILJA  WILLS  WILLY  WILTS  WIMPS  WIMPY  WINCE  WINCH  WINDS  WINED  
WINES  WINGE  WINGS  WINGY  WINKS  WINOS  WINZE  WIPER  WIPES  WIRED  
WIRER  WIRES  WISES  WISTS  WITCH  WITED  WITES  WITHE  WITHS  WITTY  
WIVED  WIVER  WIVES  WIZEN  WIZES  WOCKS  WODGE  WOKEN  WOKKA  WOLDS  
WOLFS  WOLLY  WOMBS  WOMBY  WOMEN  WONGA  WONKS  WONKY  WONTS  WOODS  
WOODY  WOOED  WOOFS  WOOFY  WOOLS  WOOLY  WOONS  WOOPS  WOOSE  WOOZY  
WORDS  WORKS  WORMS  WORMY  WORSE  WORTS  WOULD  WOUND  WOVEN  WOWED  
WOXEN  WRACK  WRANG  WRAPS  WRAPT  WRATE  WREAK  WREST  WRICK  WRIED  
WRIER  WRIES  WRING  WRITS  WROKE  WRYER  WULLS  WURST  WUSES  WUSSY  
WYLED  WYLES  WYTED  WYTES  XENIC  XERUS  YABBA  YABBY  YACCA  YACKA  
YACKS  YAFFS  YAGER  YAHOO  YAKKA  YAKOW  YALES  YAMPY  YAMUN  YANGS  
YANKS  YAPON  YAPPS  YAPPY  YARCO  YARDS  YARER  YARFA  YARKS  YARNS  
YARRS  YATES  YAUDS  YAUPS  YAWED  YAWEY  YAWLS  YAWNS  YAWNY  YAWPS  
YCLED  YEADS  YEAHS  YEANS  YEARS  YECHS  YEDES  YEGGS  YELKS  YELLS  
YELMS  YELTS  YERBA  YERKS  YESES  YESTS  YEVES  YEXED  YEXES  YIKED  
YIKES  YILLS  YIPES  YIPPY  YIRDS  YIRKS  YIRRS  YITES  YLEMS  YLIKE  
YLKES  YMPES  YOCKS  YOGAS  YOGHS  YOJAN  YOKED  YOKER  YOKES  YOLKS  
YOMPS  YONKS  YOOFS  YOOPS  YORES  YORKS  YORPS  YOUKS  YOURS  YOUSE  
YOWED  YOWES  YOWIE  YOWLS  YRAPT  YRENT  YUANS  YUCAS  YUCKS  YUCKY  
YUFTS  YUGAS  YUKED  YUKES  YUKKY  YULES  YUMMY  YUMPS  YUPPY  YURTS  
YUZUS  ZABRA  ZACKS  ZAMBO  ZAMIA  ZANJA  ZANZA  ZANZE  ZAPPY  ZARFS  
ZAXES  ZAYIN  ZAZEN  ZEALS  ZEBRA  ZEINS  ZERDA  ZERKS  ZEROS  ZESTS  
ZESTY  ZETAS  ZEXES  ZEZES  ZIBET  ZIFFS  ZIGAN  ZILCH  ZILLS  ZINCS  
ZINES  ZINGS  ZINGY  ZINKE  ZINKY  ZIPPO  ZIPPY  ZIZEL  ZIZIT  ZOBOS  
ZOBUS  ZOIST  ZONDA  ZONED  ZONER  ZONES  ZONKS  ZOOEY  ZOOKS  ZOOMS  
ZOONS  ZOPPA  ZORIS  ZOUKS  ZOWIE  ZUPAS  ZURFS  ZYMES  